"Species","type","seasonality","PresencePoints","area_km2","class"
"Adelophryne_adiastola","amphibians",NA,69,212103.578213555,"supersmall"
"Adelophryne_gutturosa","amphibians",NA,83,255087.716305523,"supersmall"
"Adelphobates_galactonotus","amphibians",NA,184,563906.691905162,"small"
"Adelphobates_quinquevittatus","amphibians",NA,475,1448121.3183339,"medium"
"Adenomera_andreae","amphibians",NA,1957,5979710.21106569,"large"
"Adenomera_hylaedactyla","amphibians",NA,3102,9424251.84535248,"superlarge"
"Allobates_brunneus","amphibians",NA,623,1901457.58428032,"medium"
"Allobates_conspicuus","amphibians",NA,119,362806.63780711,"supersmall"
"Allobates_femoralis","amphibians",NA,1840,5629133.50665658,"large"
"Allobates_fuscellus","amphibians",NA,221,674916.004742827,"small"
"Allobates_marchesianus","amphibians",NA,1107,3387777.02064908,"large"
"Allobates_peruvianus","amphibians",NA,147,448148.972580874,"supersmall"
"Allobates_trilineatus","amphibians",NA,259,785999.718533407,"small"
"Allophryne_ruthveni","amphibians",NA,999,3062625.92748305,"medium"
"Amazophrynella_minuta","amphibians",NA,1686,5161124.66238854,"large"
"Ameerega_hahneli","amphibians",NA,1293,3963344.95472943,"large"
"Ameerega_parvula","amphibians",NA,62,190594.733956705,"supersmall"
"Ameerega_picta","amphibians",NA,783,2360627.19884651,"medium"
"Ameerega_trivittata","amphibians",NA,1416,4339219.3409586,"large"
"Anomaloglossus_baeobatrachus","amphibians",NA,219,673155.215854234,"small"
"Atelopus_spumarius","amphibians",NA,253,777093.648647369,"small"
"Boana_boans","amphibians",NA,2199,6719034.44304519,"large"
"Boana_calcarata","amphibians",NA,1504,4607090.34608408,"large"
"Boana_cinerascens","amphibians",NA,1836,5623626.02425325,"large"
"Boana_fasciata","amphibians",NA,1703,5201187.2646449,"large"
"Boana_geographica","amphibians",NA,3451,10434786.1938242,"superlarge"
"Boana_hobbsi","amphibians",NA,69,212291.683709051,"supersmall"
"Boana_icamiaba","amphibians",NA,156,475493.985291764,"small"
"Boana_lanciformis","amphibians",NA,1508,4605014.71759874,"large"
"Boana_microderma","amphibians",NA,88,270416.646234837,"supersmall"
"Boana_multifasciata","amphibians",NA,567,1741385.17534919,"medium"
"Boana_nympha","amphibians",NA,59,181375.983739896,"supersmall"
"Boana_punctata","amphibians",NA,3736,11273605.6653949,"superlarge"
"Boana_raniceps","amphibians",NA,2778,8308031.21703715,"superlarge"
"Boana_wavrini","amphibians",NA,780,2389872.29224868,"medium"
"Bolitoglossa_altamazonica","amphibians",NA,642,1962611.01328146,"medium"
"Brasilotyphlus_guarantanus","amphibians",NA,54,164574.761210654,"supersmall"
"Caecilia_gracilis","amphibians",NA,199,610498.804770854,"small"
"Caecilia_tentaculata","amphibians",NA,1499,4595479.33021504,"large"
"Callimedusa_atelopoides","amphibians",NA,136,414721.375023571,"supersmall"
"Callimedusa_tomopterna","amphibians",NA,1795,5488571.70758502,"large"
"Ceratophrys_cornuta","amphibians",NA,1732,5290631.01264787,"large"
"Chiasmocleis_antenori","amphibians",NA,133,406092.825784067,"supersmall"
"Chiasmocleis_avilapiresae","amphibians",NA,346,1057558.20321896,"small"
"Chiasmocleis_bassleri","amphibians",NA,569,1736437.39665784,"medium"
"Chiasmocleis_hudsoni","amphibians",NA,334,1026759.9091646,"small"
"Chiasmocleis_shudikarensis","amphibians",NA,947,2902156.63275263,"medium"
"Chiasmocleis_tridactyla","amphibians",NA,73,223989.985456377,"supersmall"
"Chiasmocleis_ventrimaculata","amphibians",NA,207,630283.876349397,"small"
"Cruziohyla_craspedopus","amphibians",NA,571,1747807.85843096,"medium"
"Ctenophryne_geayi","amphibians",NA,1942,5939824.14775722,"large"
"Dendrobates_leucomelas","amphibians",NA,270,828009.252320613,"small"
"Dendrobates_tinctorius","amphibians",NA,171,525739.519919237,"small"
"Dendropsophus_acreanus","amphibians",NA,350,1055779.42735158,"small"
"Dendropsophus_bifurcus","amphibians",NA,474,1435242.29721305,"medium"
"Dendropsophus_bokermanni","amphibians",NA,329,1004221.38332727,"small"
"Dendropsophus_brevifrons","amphibians",NA,519,1590360.54668291,"medium"
"Dendropsophus_haraldschultzi","amphibians",NA,263,803403.928943715,"small"
"Dendropsophus_koechlini","amphibians",NA,391,1188416.61769999,"small"
"Dendropsophus_leali","amphibians",NA,665,2018951.47153445,"medium"
"Dendropsophus_leucophyllatus","amphibians",NA,1813,5540908.89429058,"large"
"Dendropsophus_marmoratus","amphibians",NA,1577,4822980.19034952,"large"
"Dendropsophus_melanargyreus","amphibians",NA,851,2571878.35503848,"medium"
"Dendropsophus_microcephalus","amphibians",NA,1825,5563251.47568221,"large"
"Dendropsophus_minutus","amphibians",NA,3690,11075216.7261419,"superlarge"
"Dendropsophus_miyatai","amphibians",NA,434,1330938.22443945,"medium"
"Dendropsophus_nanus","amphibians",NA,2739,8124443.63087138,"superlarge"
"Dendropsophus_parviceps","amphibians",NA,1464,4471095.36136247,"large"
"Dendropsophus_pauiniensis","amphibians",NA,88,268944.201861952,"supersmall"
"Dendropsophus_rhodopeplus","amphibians",NA,483,1470367.25339084,"medium"
"Dendropsophus_riveroi","amphibians",NA,785,2390552.9901051,"medium"
"Dendropsophus_rossalleni","amphibians",NA,435,1329639.27346179,"medium"
"Dendropsophus_rubicundulus","amphibians",NA,856,2544465.41433881,"medium"
"Dendropsophus_sarayacuensis","amphibians",NA,569,1740230.2982636,"medium"
"Dendropsophus_schubarti","amphibians",NA,174,524772.303061198,"small"
"Dendropsophus_triangulum","amphibians",NA,833,2547394.69303913,"medium"
"Dendropsophus_tritaeniatus","amphibians",NA,96,284359.455583789,"supersmall"
"Dendropsophus_walfordi","amphibians",NA,432,1319443.15238751,"medium"
"Edalorhina_perezi","amphibians",NA,422,1289098.00778893,"medium"
"Elachistocleis_helianneae","amphibians",NA,354,1080229.92083782,"small"
"Elachistocleis_ovalis","amphibians",NA,3624,10932186.6613666,"superlarge"
"Engystomops_freibergi","amphibians",NA,788,2392481.90392893,"medium"
"Engystomops_petersi","amphibians",NA,113,347304.861714335,"supersmall"
"Gastrotheca_marsupiata","amphibians",NA,82,242136.208892581,"supersmall"
"Gastrotheca_testudinea","amphibians",NA,63,189878.892111205,"supersmall"
"Hamptophryne_boliviana","amphibians",NA,1814,5539387.88834359,"large"
"Hemiphractus_helioi","amphibians",NA,50,151357.407627081,"supersmall"
"Hemiphractus_proboscideus","amphibians",NA,110,338129.881167479,"supersmall"
"Hemiphractus_scutatus","amphibians",NA,397,1213680.56763564,"small"
"Hyalinobatrachium_cappellei","amphibians",NA,754,2311617.03381592,"medium"
"Hyalinobatrachium_carlesvilai","amphibians",NA,75,225987.43174616,"supersmall"
"Hyalinobatrachium_iaspidiense","amphibians",NA,681,2087614.67592918,"medium"
"Hyalinobatrachium_mondolfii","amphibians",NA,368,1129996.79652567,"small"
"Hyalinobatrachium_muiraquitan","amphibians",NA,94,287496.65312176,"supersmall"
"Hydrolaetare_schmidti","amphibians",NA,906,2770583.0639421,"medium"
"Leptodactylus_bolivianus","amphibians",NA,2029,6200900.6278159,"large"
"Leptodactylus_diedrus","amphibians",NA,224,687805.613392891,"small"
"Leptodactylus_discodactylus","amphibians",NA,352,1078133.1015762,"small"
"Leptodactylus_elenae","amphibians",NA,820,2377073.47297724,"medium"
"Leptodactylus_fuscus","amphibians",NA,3921,11738596.5173536,"superlarge"
"Leptodactylus_knudseni","amphibians",NA,1713,5237136.55773809,"large"
"Leptodactylus_latrans","amphibians",NA,3738,10936989.9255303,"superlarge"
"Leptodactylus_leptodactyloides","amphibians",NA,1574,4811840.21600812,"large"
"Leptodactylus_longirostris","amphibians",NA,213,653347.024330089,"small"
"Leptodactylus_mystaceus","amphibians",NA,2338,7127138.35355905,"large"
"Leptodactylus_paraensis","amphibians",NA,195,597803.93738552,"small"
"Leptodactylus_pentadactylus","amphibians",NA,1474,4504853.03195887,"large"
"Leptodactylus_petersii","amphibians",NA,1980,6046932.2319424,"large"
"Leptodactylus_podicipinus","amphibians",NA,1310,3853008.9592802,"large"
"Leptodactylus_rhodomystax","amphibians",NA,1687,5160084.2033997,"large"
"Leptodactylus_rhodonotus","amphibians",NA,136,410859.357964328,"supersmall"
"Leptodactylus_riveroi","amphibians",NA,268,824255.482900949,"small"
"Leptodactylus_stenodema","amphibians",NA,1446,4428509.08311914,"large"
"Leptodactylus_wagneri","amphibians",NA,66,202558.06608608,"supersmall"
"Lithobates_palmipes","amphibians",NA,2280,6966324.67688562,"large"
"Lithodytes_lineatus","amphibians",NA,1764,5391362.91061652,"large"
"Lysapsus_bolivianus","amphibians",NA,379,1153277.22095215,"small"
"Lysapsus_caraya","amphibians",NA,416,1254775.70934281,"medium"
"Niceforonia_nigrovittata","amphibians",NA,305,934564.887474719,"small"
"Noblella_myrmecoides","amphibians",NA,184,559708.449906676,"small"
"Oreobates_quixensis","amphibians",NA,479,1464490.04325513,"medium"
"Osteocephalus_buckleyi","amphibians",NA,1464,4478277.10926402,"large"
"Osteocephalus_cabrerai","amphibians",NA,537,1649190.8238822,"medium"
"Osteocephalus_elkejungingerae","amphibians",NA,52,158899.512066359,"supersmall"
"Osteocephalus_leprieurii","amphibians",NA,1248,3816042.94711335,"large"
"Osteocephalus_oophagus","amphibians",NA,292,897908.159364094,"small"
"Osteocephalus_planiceps","amphibians",NA,207,635451.574452847,"small"
"Osteocephalus_subtilis","amphibians",NA,51,155978.765609251,"supersmall"
"Osteocephalus_taurinus","amphibians",NA,2004,6133678.67048517,"large"
"Otophryne_pyburni","amphibians",NA,108,332105.807492112,"supersmall"
"Phyllomedusa_bicolor","amphibians",NA,1712,5242726.36398527,"large"
"Phyllomedusa_boliviana","amphibians",NA,245,729330.183455802,"small"
"Phyllomedusa_camba","amphibians",NA,319,960304.480932314,"small"
"Phyllomedusa_tarsius","amphibians",NA,874,2673229.00843626,"medium"
"Phyllomedusa_vaillantii","amphibians",NA,1637,5000834.24213057,"large"
"Physalaemus_ephippifer","amphibians",NA,687,2109171.96290313,"medium"
"Phyzelaphryne_miriamae","amphibians",NA,380,1161677.48830876,"small"
"Pipa_arrabali","amphibians",NA,338,1035904.20115129,"small"
"Pipa_pipa","amphibians",NA,1943,5934136.1979335,"large"
"Pipa_snethlageae","amphibians",NA,596,1829331.53169048,"medium"
"Pithecopus_hypochondrialis","amphibians",NA,2729,8186145.57361366,"superlarge"
"Pithecopus_palliatus","amphibians",NA,361,1093142.39123337,"small"
"Pleurodema_cinereum","amphibians",NA,87,253402.733411945,"supersmall"
"Pleurodema_marmoratum","amphibians",NA,152,447792.69815706,"small"
"Potomotyphlus_kaupii","amphibians",NA,1266,3879892.77212847,"large"
"Pristimantis_altamazonicus","amphibians",NA,513,1567603.20127341,"medium"
"Pristimantis_carvalhoi","amphibians",NA,358,1095381.98941899,"small"
"Pristimantis_conspicillatus","amphibians",NA,228,699134.592439302,"small"
"Pristimantis_diadematus","amphibians",NA,145,442675.612634599,"supersmall"
"Pristimantis_eurydactylus","amphibians",NA,104,317510.861920421,"supersmall"
"Pristimantis_fenestratus","amphibians",NA,1167,3556208.83421164,"large"
"Pristimantis_gutturalis","amphibians",NA,77,236783.580181715,"supersmall"
"Pristimantis_lacrimosus","amphibians",NA,123,375295.325527639,"supersmall"
"Pristimantis_lanthanites","amphibians",NA,198,608157.117522759,"small"
"Pristimantis_malkini","amphibians",NA,265,813438.569302474,"small"
"Pristimantis_martiae","amphibians",NA,394,1202635.89008815,"small"
"Pristimantis_mendax","amphibians",NA,56,169065.800561889,"supersmall"
"Pristimantis_ockendeni","amphibians",NA,280,856935.723432069,"small"
"Pristimantis_orcus","amphibians",NA,60,184091.945707857,"supersmall"
"Pristimantis_peruvianus","amphibians",NA,420,1283588.38112293,"medium"
"Pristimantis_skydmainos","amphibians",NA,67,202725.351887265,"supersmall"
"Pristimantis_toftae","amphibians",NA,67,201467.144880771,"supersmall"
"Pristimantis_variabilis","amphibians",NA,244,745338.991583606,"small"
"Pristimantis_ventrimarmoratus","amphibians",NA,157,477085.554345854,"small"
"Pristimantis_vilarsi","amphibians",NA,547,1679603.00450074,"medium"
"Pristimantis_zeuctotylus","amphibians",NA,241,740539.210439792,"small"
"Pseudis_paradoxa","amphibians",NA,2575,7738039.94295181,"superlarge"
"Pseudopaludicola_boliviana","amphibians",NA,1357,4081679.08803194,"large"
"Pseudopaludicola_ceratophyes","amphibians",NA,150,459141.736889448,"supersmall"
"Ranitomeya_uakarii","amphibians",NA,109,332006.888829835,"supersmall"
"Ranitomeya_ventrimaculata","amphibians",NA,822,2518761.57104743,"medium"
"Rhaebo_ceratophrys","amphibians",NA,304,934741.889864474,"small"
"Rhaebo_glaberrimus","amphibians",NA,174,532186.619359529,"small"
"Rhaebo_guttatus","amphibians",NA,2259,6896593.76249768,"large"
"Rhinella_acutirostris","amphibians",NA,242,741925.90934061,"small"
"Rhinella_castaneotica","amphibians",NA,973,2976511.23434107,"medium"
"Rhinella_dapsilis","amphibians",NA,50,152798.464954522,"supersmall"
"Rhinella_granulosa","amphibians",NA,3680,10988775.0709431,"superlarge"
"Rhinella_margaritifera","amphibians",NA,2963,9008326.95811982,"superlarge"
"Rhinella_marina","amphibians",NA,3196,9699768.53532648,"superlarge"
"Rhinella_poeppigii","amphibians",NA,126,378201.784526376,"supersmall"
"Rhinella_proboscidea","amphibians",NA,135,414659.142184618,"supersmall"
"Rhinella_roqueana","amphibians",NA,149,457426.383829849,"supersmall"
"Scarthyla_goinorum","amphibians",NA,507,1546201.68478381,"medium"
"Scinax_boesemani","amphibians",NA,1412,4325002.84166234,"large"
"Scinax_chiquitanus","amphibians",NA,166,496160.069418247,"small"
"Scinax_cruentommus","amphibians",NA,803,2459985.08741469,"medium"
"Scinax_funereus","amphibians",NA,246,751629.365881065,"small"
"Scinax_garbei","amphibians",NA,1208,3690127.7306914,"large"
"Scinax_nebulosus","amphibians",NA,1483,4529345.91429691,"large"
"Scinax_parkeri","amphibians",NA,121,359291.291180995,"supersmall"
"Scinax_ruber","amphibians",NA,2666,8125410.52197406,"superlarge"
"Scinax_x-signatus","amphibians",NA,3496,10550899.4205305,"superlarge"
"Siphonops_annulatus","amphibians",NA,3297,9948245.34916534,"superlarge"
"Sphaenorhynchus_carneus","amphibians",NA,515,1576476.12259142,"medium"
"Sphaenorhynchus_dorisae","amphibians",NA,467,1427724.56803333,"medium"
"Sphaenorhynchus_lacteus","amphibians",NA,1789,5465654.52473673,"large"
"Strabomantis_sulcatus","amphibians",NA,371,1134102.66252026,"small"
"Synapturanus_mirandaribeiroi","amphibians",NA,429,1319013.07109766,"medium"
"Synapturanus_rabus","amphibians",NA,93,286028.712544778,"supersmall"
"Synapturanus_salseri","amphibians",NA,127,390542.997176265,"supersmall"
"Telmatobius_marmoratus","amphibians",NA,54,159288.382640108,"supersmall"
"Teratohyla_adenocheira","amphibians",NA,92,278491.801696067,"supersmall"
"Teratohyla_midas","amphibians",NA,1165,3567672.55103412,"large"
"Trachycephalus_coriaceus","amphibians",NA,726,2213761.29680578,"medium"
"Trachycephalus_resinifictrix","amphibians",NA,1525,4665517.55685643,"large"
"Trachycephalus_typhonius","amphibians",NA,4027,12106871.9819263,"superlarge"
"Typhlonectes_compressicauda","amphibians",NA,1378,4218705.40597768,"large"
"Vitreorana_ritae","amphibians",NA,1119,3427157.86906021,"large"
"Abrothrix_jelskii","mammals",NA,167,492439.555287667,"small"
"Akodon_boliviensis","mammals",NA,72,211532.619479973,"supersmall"
"Akodon_dayi","mammals",NA,98,290496.158423086,"supersmall"
"Akodon_fumeus","mammals",NA,51,150036.488064192,"supersmall"
"Akodon_mollis","mammals",NA,84,256812.465811139,"supersmall"
"Akodon_subfuscus","mammals",NA,56,166449.669720684,"supersmall"
"Akodon_varius","mammals",NA,90,262134.234474091,"supersmall"
"Alouatta_belzebul","mammals",NA,285,872526.784765802,"small"
"Alouatta_discolor","mammals",NA,122,372861.00618581,"supersmall"
"Alouatta_juara","mammals",NA,759,2326786.89883388,"medium"
"Alouatta_macconnelli","mammals",NA,573,1759203.94572526,"medium"
"Alouatta_nigerrima","mammals",NA,76,232886.879801566,"supersmall"
"Alouatta_puruensis","mammals",NA,340,1034422.07370707,"small"
"Alouatta_sara","mammals",NA,111,330933.144137192,"supersmall"
"Alouatta_seniculus","mammals",NA,733,2244575.98870997,"medium"
"Ametrida_centurio","mammals",NA,1886,5761517.88288978,"large"
"Anoura_aequatoris","mammals",NA,170,515539.443038065,"small"
"Anoura_caudifer","mammals",NA,1988,5950379.78382402,"large"
"Anoura_cultrata","mammals",NA,257,782180.051917976,"small"
"Anoura_peruana","mammals",NA,396,1194456.05776349,"small"
"Aotus_azarae","mammals",NA,1054,3163944.49544823,"large"
"Aotus_nancymaae","mammals",NA,167,511409.663185914,"small"
"Aotus_nigriceps","mammals",NA,514,1564274.55892288,"medium"
"Aotus_trivirgatus","mammals",NA,243,746632.845923273,"small"
"Aotus_vociferans","mammals",NA,342,1051602.81470888,"small"
"Artibeus_concolor","mammals",NA,2096,6419155.6987544,"large"
"Artibeus_fraterculus","mammals",NA,98,298985.729539592,"supersmall"
"Artibeus_lituratus","mammals",NA,4745,14258692.2916211,"superlarge"
"Artibeus_obscurus","mammals",NA,3694,11145644.7599412,"superlarge"
"Artibeus_planirostris","mammals",NA,2631,7925069.92587849,"superlarge"
"Ateles_belzebuth","mammals",NA,264,811302.070266278,"small"
"Ateles_chamek","mammals",NA,857,2598843.64112917,"medium"
"Ateles_marginatus","mammals",NA,171,521785.959753292,"small"
"Ateles_paniscus","mammals",NA,294,903839.262957775,"small"
"Atelocynus_microtis","mammals",NA,929,2841371.47232831,"medium"
"Auliscomys_boliviensis","mammals",NA,71,208930.591760575,"supersmall"
"Auliscomys_pictus","mammals",NA,103,307257.109857208,"supersmall"
"Bassaricyon_alleni","mammals",NA,1452,4441201.22660708,"large"
"Bradypus_tridactylus","mammals",NA,336,1031530.32679756,"small"
"Bradypus_variegatus","mammals",NA,3337,10084633.7605685,"superlarge"
"Cabassous_unicinctus","mammals",NA,3220,9748551.26890993,"superlarge"
"Cacajao_calvus","mammals",NA,66,201408.974608108,"supersmall"
"Cacajao_melanocephalus","mammals",NA,151,464373.256624239,"small"
"Callimico_goeldii","mammals",NA,199,607516.420817131,"small"
"Calomys_lepidus","mammals",NA,200,583749.797345922,"small"
"Calomys_sorellus","mammals",NA,77,230471.622215182,"supersmall"
"Caluromys_lanatus","mammals",NA,1709,5093332.36011181,"large"
"Caluromys_philander","mammals",NA,1223,3699158.89767726,"large"
"Caluromysiops_irrupta","mammals",NA,58,175007.672127871,"supersmall"
"Carollia_benkeithi","mammals",NA,698,2104158.83489692,"medium"
"Carollia_brevicauda","mammals",NA,3536,10757874.8461131,"superlarge"
"Carollia_perspicillata","mammals",NA,4600,13832666.9986514,"superlarge"
"Cavia_tschudii","mammals",NA,271,798779.05085484,"small"
"Cebuella_niveiventris","mammals",NA,385,1175152.56038984,"small"
"Cebuella_pygmaea","mammals",NA,162,498077.762595632,"small"
"Cebus_albifrons","mammals",NA,118,362758.379297468,"supersmall"
"Cebus_cuscinus","mammals",NA,66,198240.290037389,"supersmall"
"Cebus_unicolor","mammals",NA,454,1385617.99995267,"medium"
"Cebus_yuracus","mammals",NA,155,475748.343690304,"small"
"Centronycteris_centralis","mammals",NA,781,2379050.5187984,"medium"
"Centronycteris_maximiliani","mammals",NA,1844,5638799.2227343,"large"
"Cheracebus_lucifer","mammals",NA,86,264420.903038225,"supersmall"
"Cheracebus_lugens","mammals",NA,374,1149511.18361219,"small"
"Cheracebus_regulus","mammals",NA,68,208405.492490149,"supersmall"
"Cheracebus_torquatus","mammals",NA,60,183824.233896772,"supersmall"
"Chibchanomys_orcesi","mammals",NA,56,171244.532652477,"supersmall"
"Chiroderma_salvini","mammals",NA,1132,3407995.08205636,"large"
"Chiroderma_trinitatum","mammals",NA,3090,9389865.23684938,"superlarge"
"Chiroderma_villosum","mammals",NA,3443,10428084.2903122,"superlarge"
"Chironectes_minimus","mammals",NA,2085,6230155.89608722,"large"
"Chiropotes_albinasus","mammals",NA,323,983487.63599323,"small"
"Chiropotes_chiropotes","mammals",NA,443,1361155.98830054,"medium"
"Chiropotes_sagulatus","mammals",NA,268,824013.387085186,"small"
"Chiropotes_utahickae","mammals",NA,111,339294.407522375,"supersmall"
"Choeroniscus_minor","mammals",NA,1653,5051335.44302138,"large"
"Choloepus_didactylus","mammals",NA,1361,4177741.7883823,"large"
"Choloepus_hoffmanni","mammals",NA,776,2351845.51273788,"medium"
"Chrotopterus_auritus","mammals",NA,4371,13117695.6266038,"superlarge"
"Coendou_bicolor","mammals",NA,408,1241062.09533475,"medium"
"Coendou_melanurus","mammals",NA,463,1421858.38651946,"medium"
"Coendou_nycthemera","mammals",NA,135,414720.959910745,"supersmall"
"Coendou_prehensilis","mammals",NA,4082,12284587.9155176,"superlarge"
"Coendou_roosmalenorum","mammals",NA,55,167867.684740994,"supersmall"
"Coendou_rufescens","mammals",NA,125,383314.590825838,"supersmall"
"Cormura_brevirostris","mammals",NA,2559,7810554.19606891,"superlarge"
"Cryptonanus_unduaviensis","mammals",NA,104,310764.040780967,"supersmall"
"Cuniculus_paca","mammals",NA,4438,13343943.8768768,"superlarge"
"Cuniculus_taczanowskii","mammals",NA,132,402486.379555092,"supersmall"
"Cyclopes_didactylus","mammals",NA,2592,7909597.74588303,"superlarge"
"Cynomops_abrasus","mammals",NA,3297,9917254.11107714,"superlarge"
"Cynomops_greenhalli","mammals",NA,1460,4476129.36175508,"large"
"Cynomops_milleri","mammals",NA,722,2201989.10727244,"medium"
"Cynomops_paranus","mammals",NA,2257,6870803.51787309,"large"
"Cynomops_planirostris","mammals",NA,3794,11457611.7397606,"superlarge"
"Dactylomys_boliviensis","mammals",NA,114,343341.498926452,"supersmall"
"Dactylomys_dactylinus","mammals",NA,1076,3284059.35843148,"large"
"Dasyprocta_croconota","mammals",NA,121,371752.319176745,"supersmall"
"Dasyprocta_fuliginosa","mammals",NA,851,2609420.84340637,"medium"
"Dasyprocta_leporina","mammals",NA,1510,4566587.1515457,"large"
"Dasyprocta_variegata","mammals",NA,139,419430.366637589,"supersmall"
"Dasypus_kappleri","mammals",NA,1973,6032966.18286374,"large"
"Dasypus_novemcinctus","mammals",NA,6247,18214055.0420832,"superlarge"
"Dermanura_anderseni","mammals",NA,1334,4057366.09522946,"large"
"Dermanura_glauca","mammals",NA,865,2637184.83886106,"medium"
"Dermanura_gnoma","mammals",NA,3291,10004256.9148872,"superlarge"
"Desmodus_rotundus","mammals",NA,5997,17735821.5322719,"superlarge"
"Diaemus_youngi","mammals",NA,4343,13061670.8129241,"superlarge"
"Diclidurus_albus","mammals",NA,4144,12524880.1562583,"superlarge"
"Diclidurus_ingens","mammals",NA,675,2072477.66170291,"medium"
"Diclidurus_isabella","mammals",NA,345,1059266.9701981,"small"
"Diclidurus_scutatus","mammals",NA,504,1545156.46543206,"medium"
"Didelphis_marsupialis","mammals",NA,3066,9327035.18585814,"superlarge"
"Didelphis_pernigra","mammals",NA,340,1031017.87332193,"small"
"Dinomys_branickii","mammals",NA,452,1375573.53762442,"medium"
"Diphylla_ecaudata","mammals",NA,2718,8108863.25719594,"superlarge"
"Echimys_chrysurus","mammals",NA,518,1591166.56074123,"medium"
"Eira_barbara","mammals",NA,4480,13414431.1769993,"superlarge"
"Eptesicus_andinus","mammals",NA,267,814632.225220119,"small"
"Eptesicus_brasiliensis","mammals",NA,4365,13152083.7582706,"superlarge"
"Eptesicus_furinalis","mammals",NA,5517,16334245.9485796,"superlarge"
"Eumops_auripendulus","mammals",NA,4698,14114217.126173,"superlarge"
"Eumops_glaucinus","mammals",NA,2978,8946455.71113946,"superlarge"
"Eumops_hansae","mammals",NA,2094,6393581.31755584,"large"
"Eumops_maurus","mammals",NA,396,1213596.37677426,"small"
"Eumops_perotis","mammals",NA,3978,11665313.7398056,"superlarge"
"Eumops_trumbulli","mammals",NA,1549,4747577.91041564,"large"
"Euryoryzomys_emmonsae","mammals",NA,201,611077.330605613,"small"
"Euryoryzomys_macconnelli","mammals",NA,1405,4306525.87021459,"large"
"Euryoryzomys_nitidus","mammals",NA,434,1305534.84255301,"medium"
"Furipterus_horrens","mammals",NA,3231,9814464.27258265,"superlarge"
"Galea_musteloides","mammals",NA,110,322987.086678528,"supersmall"
"Galictis_vittata","mammals",NA,3291,10014689.2116935,"superlarge"
"Gardnerycteris_crenulatum","mammals",NA,3664,11137263.4923643,"superlarge"
"Glironia_venusta","mammals",NA,949,2886363.68773437,"medium"
"Glossophaga_commissarisi","mammals",NA,1223,3715186.01402866,"large"
"Glossophaga_soricina","mammals",NA,4961,14875208.4762169,"superlarge"
"Glyphonycteris_behnii","mammals",NA,337,1008121.53289886,"small"
"Glyphonycteris_daviesi","mammals",NA,1539,4715261.57185994,"large"
"Glyphonycteris_sylvestris","mammals",NA,1977,6019033.98598446,"large"
"Herpailurus_yagouaroundi","mammals",NA,5022,14887655.6823954,"superlarge"
"Hippocamelus_antisensis","mammals",NA,146,429352.038296752,"supersmall"
"Holochilus_sciureus","mammals",NA,3074,9350771.02321684,"superlarge"
"Hydrochoerus_hydrochaeris","mammals",NA,4506,13404539.3303556,"superlarge"
"Hyladelphys_kalinowskii","mammals",NA,783,2395252.65003518,"medium"
"Hylaeamys_acritus","mammals",NA,56,167553.603454526,"supersmall"
"Hylaeamys_megacephalus","mammals",NA,1982,5974423.57584182,"large"
"Hylaeamys_perenensis","mammals",NA,650,1988001.67004793,"medium"
"Hylaeamys_yunganus","mammals",NA,1736,5299577.17029255,"large"
"Ichthyomys_stolzmanni","mammals",NA,81,246455.801072033,"supersmall"
"Isothrix_bistriata","mammals",NA,595,1805730.12462488,"medium"
"Isothrix_negrensis","mammals",NA,96,294950.599821958,"supersmall"
"Isothrix_pagurus","mammals",NA,114,350477.645034729,"supersmall"
"Kunsia_tomentosus","mammals",NA,136,405936.562299872,"supersmall"
"Lagothrix_lagothricha","mammals",NA,829,2533105.58289828,"medium"
"Lampronycteris_brachyotis","mammals",NA,1410,4311416.04379938,"large"
"Lasiurus_blossevillii","mammals",NA,6452,18397904.2296251,"superlarge"
"Lasiurus_ega","mammals",NA,4457,13206667.6152759,"superlarge"
"Leontocebus_fuscicollis","mammals",NA,139,425724.134062847,"supersmall"
"Leontocebus_lagonotus","mammals",NA,65,199708.612985699,"supersmall"
"Leontocebus_nigricollis","mammals",NA,69,212197.052004365,"supersmall"
"Leontocebus_weddelli","mammals",NA,200,605902.516918752,"small"
"Leopardus_pardalis","mammals",NA,4869,14598777.9656996,"superlarge"
"Leopardus_tigrinus","mammals",NA,3083,9377452.39287158,"superlarge"
"Leopardus_wiedii","mammals",NA,4112,12327825.7641523,"superlarge"
"Lichonycteris_degener","mammals",NA,1166,3564560.45825199,"large"
"Lionycteris_spurrelli","mammals",NA,2382,7284884.43248809,"large"
"Lonchophylla_hesperia","mammals",NA,85,258981.20887372,"supersmall"
"Lonchophylla_thomasi","mammals",NA,2750,8387456.37546599,"superlarge"
"Lonchorhina_aurita","mammals",NA,3833,11611829.6883553,"superlarge"
"Lonchorhina_inusitata","mammals",NA,929,2850146.28950888,"medium"
"Lonchorhina_marinkellei","mammals",NA,54,166115.607821415,"supersmall"
"Lonchothrix_emiliae","mammals",NA,125,383715.323054615,"supersmall"
"Lontra_longicaudis","mammals",NA,5043,15027270.0087153,"superlarge"
"Lophostoma_brasiliense","mammals",NA,2650,8082711.52271114,"superlarge"
"Lophostoma_carrikeri","mammals",NA,1112,3410843.73103115,"large"
"Lophostoma_schulzi","mammals",NA,183,562235.897979582,"small"
"Lophostoma_silvicolum","mammals",NA,2534,7723178.09645201,"superlarge"
"Macrophyllum_macrophyllum","mammals",NA,4334,13065023.5040367,"superlarge"
"Makalata_didelphoides","mammals",NA,1180,3606766.7719255,"large"
"Makalata_macrura","mammals",NA,800,2446662.52595776,"medium"
"Marmosa_constantiae","mammals",NA,445,1305428.86558727,"medium"
"Marmosa_demerarae","mammals",NA,2574,7840272.00771332,"superlarge"
"Marmosa_lepida","mammals",NA,1363,4170588.19953784,"large"
"Marmosa_murina","mammals",NA,2103,6416179.63851023,"large"
"Marmosa_regina","mammals",NA,442,1347121.06286565,"medium"
"Marmosa_rubra","mammals",NA,147,449720.287310577,"supersmall"
"Marmosops_bishopi","mammals",NA,734,2210693.35862176,"medium"
"Marmosops_impavidus","mammals",NA,355,1083138.32405001,"small"
"Marmosops_neblina","mammals",NA,281,861787.757618673,"small"
"Marmosops_noctivagus","mammals",NA,685,2089288.66153036,"medium"
"Marmosops_ocellatus","mammals",NA,66,194874.262038321,"supersmall"
"Marmosops_parvidens","mammals",NA,476,1462577.2111825,"medium"
"Mazama_americana","mammals",NA,3640,10965021.1678668,"superlarge"
"Mazama_chunyi","mammals",NA,50,149158.271862034,"supersmall"
"Mazama_nemorivaga","mammals",NA,2511,7664308.14903593,"superlarge"
"Mesomys_hispidus","mammals",NA,1612,4930752.39232131,"large"
"Mesomys_stimulax","mammals",NA,143,438997.325101262,"supersmall"
"Mesophylla_macconnelli","mammals",NA,2890,8807982.92785193,"superlarge"
"Metachirus_nudicaudatus","mammals",NA,3430,10355020.4111163,"superlarge"
"Mico_melanurus","mammals",NA,262,776813.076825979,"small"
"Micronycteris_brosseti","mammals",NA,172,528388.881663959,"small"
"Micronycteris_hirsuta","mammals",NA,2136,6519983.17382809,"large"
"Micronycteris_megalotis","mammals",NA,3993,12092202.1438131,"superlarge"
"Micronycteris_microtis","mammals",NA,1459,4439322.03200679,"large"
"Micronycteris_minuta","mammals",NA,4003,12104060.5705148,"superlarge"
"Micronycteris_schmidtorum","mammals",NA,2135,6502818.22134793,"large"
"Microryzomys_altissimus","mammals",NA,64,194954.860045946,"supersmall"
"Microryzomys_minutus","mammals",NA,206,625825.725509893,"small"
"Microsciurus_flaviventer","mammals",NA,842,2574424.72406821,"medium"
"Molossops_mattogrossensis","mammals",NA,2203,6706529.37037768,"large"
"Molossops_neglectus","mammals",NA,1289,3881954.7141465,"large"
"Molossops_temminckii","mammals",NA,3905,11584066.999373,"superlarge"
"Molossus_coibensis","mammals",NA,2222,6793027.60217801,"large"
"Molossus_currentium","mammals",NA,364,1051456.58018639,"small"
"Molossus_molossus","mammals",NA,5298,15772044.2777503,"superlarge"
"Molossus_rufus","mammals",NA,4958,14826687.0723538,"superlarge"
"Monodelphis_adusta","mammals",NA,355,1081134.77893594,"small"
"Monodelphis_brevicaudata","mammals",NA,594,1824715.79887595,"medium"
"Monodelphis_emiliae","mammals",NA,373,1141195.35535717,"small"
"Monodelphis_glirina","mammals",NA,537,1634498.66128106,"medium"
"Monodelphis_kunsi","mammals",NA,410,1201787.67131446,"medium"
"Monodelphis_peruviana","mammals",NA,201,606148.926893896,"small"
"Mustela_africana","mammals",NA,1706,5223990.86313065,"large"
"Myoprocta_acouchy","mammals",NA,324,995777.229767389,"small"
"Myoprocta_pratti","mammals",NA,756,2321882.45940161,"medium"
"Myotis_albescens","mammals",NA,4896,14616510.6868182,"superlarge"
"Myotis_nigricans","mammals",NA,4800,14395814.2123225,"superlarge"
"Myotis_oxyotus","mammals",NA,858,2605329.38953987,"medium"
"Myotis_riparius","mammals",NA,4719,14133077.6116423,"superlarge"
"Myotis_simus","mammals",NA,651,1976963.93768623,"medium"
"Myrmecophaga_tridactyla","mammals",NA,3996,12019212.0468663,"superlarge"
"Nasua_nasua","mammals",NA,3552,10637477.4701836,"superlarge"
"Nasuella_olivacea","mammals",NA,79,242496.182476273,"supersmall"
"Neacomys_minutus","mammals",NA,60,183747.453407966,"supersmall"
"Neacomys_paracou","mammals",NA,313,961448.701205178,"small"
"Neacomys_spinosus","mammals",NA,1022,3086617.86676754,"large"
"Necromys_amoenus","mammals",NA,54,159508.329929701,"supersmall"
"Necromys_lactens","mammals",NA,54,154715.400316459,"supersmall"
"Necromys_lenguarum","mammals",NA,201,590369.323120467,"small"
"Necromys_punctulatus","mammals",NA,51,156834.153818615,"supersmall"
"Nectomys_apicalis","mammals",NA,352,1073490.05281975,"small"
"Nectomys_rattus","mammals",NA,2332,7121466.62551773,"large"
"Nephelomys_albigularis","mammals",NA,124,379980.723079549,"supersmall"
"Nephelomys_levipes","mammals",NA,51,151537.482291439,"supersmall"
"Neusticomys_ferreirai","mammals",NA,89,270775.551563611,"supersmall"
"Neusticomys_oyapocki","mammals",NA,134,412016.944276027,"supersmall"
"Noctilio_albiventris","mammals",NA,4271,12869157.6076879,"superlarge"
"Noctilio_leporinus","mammals",NA,4888,14640772.4943827,"superlarge"
"Nyctinomops_laticaudatus","mammals",NA,4379,13109520.0475594,"superlarge"
"Nyctinomops_macrotis","mammals",NA,5350,15780378.8837614,"superlarge"
"Oecomys_auyantepui","mammals",NA,352,1081768.0887234,"small"
"Oecomys_bicolor","mammals",NA,2831,8601867.0737097,"superlarge"
"Oecomys_concolor","mammals",NA,1606,4905343.45985879,"large"
"Oecomys_mamorae","mammals",NA,216,633681.662211646,"small"
"Oecomys_paricola","mammals",NA,913,2771916.55955468,"medium"
"Oecomys_roberti","mammals",NA,1227,3727294.08663034,"large"
"Oecomys_rutilus","mammals",NA,386,1186501.87860547,"small"
"Oecomys_superans","mammals",NA,507,1550373.97745793,"medium"
"Oligoryzomys_andinus","mammals",NA,86,256486.580622056,"supersmall"
"Oligoryzomys_destructor","mammals",NA,222,660174.480315837,"small"
"Oligoryzomys_microtis","mammals",NA,896,2711475.01993303,"medium"
"Oxymycterus_amazonicus","mammals",NA,254,777141.979669913,"small"
"Oxymycterus_inca","mammals",NA,115,342852.508743709,"supersmall"
"Oxymycterus_paramensis","mammals",NA,100,291969.240918661,"supersmall"
"Ozotoceros_bezoarticus","mammals",NA,154,450559.760130976,"small"
"Panthera_onca","mammals",NA,2967,8989707.76620715,"superlarge"
"Pattonomys_occasius","mammals",NA,61,187442.252462653,"supersmall"
"Pecari_tajacu","mammals",NA,5181,15389646.1486223,"superlarge"
"Peropteryx_kappleri","mammals",NA,2392,7293832.66916525,"large"
"Peropteryx_leucoptera","mammals",NA,1663,5098172.65765835,"large"
"Peropteryx_macrotis","mammals",NA,4209,12710315.3534805,"superlarge"
"Peropteryx_pallidoptera","mammals",NA,143,439532.981399018,"supersmall"
"Philander_andersoni","mammals",NA,440,1351115.94434961,"medium"
"Philander_mcilhennyi","mammals",NA,145,442387.506747353,"supersmall"
"Philander_opossum","mammals",NA,1950,5902848.20802861,"large"
"Phylloderma_stenops","mammals",NA,3619,10977675.6526262,"superlarge"
"Phyllostomus_discolor","mammals",NA,4137,12520851.5000374,"superlarge"
"Phyllostomus_elongatus","mammals",NA,3494,10599040.2537304,"superlarge"
"Phyllostomus_hastatus","mammals",NA,4179,12644713.5674144,"superlarge"
"Phyllostomus_latifolius","mammals",NA,497,1528093.41623593,"medium"
"Pithecia_hirsuta","mammals",NA,56,172188.468808854,"supersmall"
"Pithecia_irrorata","mammals",NA,396,1205703.43272724,"small"
"Pithecia_mittermeieri","mammals",NA,273,827073.566174068,"small"
"Pithecia_monachus","mammals",NA,62,190148.671526237,"supersmall"
"Pithecia_pissinattii","mammals",NA,50,152990.863538661,"supersmall"
"Pithecia_pithecia","mammals",NA,288,884146.714593844,"small"
"Platyrrhinus_albericoi","mammals",NA,199,601569.945878562,"small"
"Platyrrhinus_brachycephalus","mammals",NA,2008,6131259.31723602,"large"
"Platyrrhinus_fusciventris","mammals",NA,744,2285264.45692868,"medium"
"Platyrrhinus_helleri","mammals",NA,3301,10028772.0481412,"superlarge"
"Platyrrhinus_incarum","mammals",NA,881,2665486.27444989,"medium"
"Platyrrhinus_infuscus","mammals",NA,487,1476220.60865424,"medium"
"Platyrrhinus_masu","mammals",NA,57,171292.923929012,"supersmall"
"Platyrrhinus_nigellus","mammals",NA,209,630182.653776069,"small"
"Plecturocebus_brunneus","mammals",NA,60,181331.601087483,"supersmall"
"Plecturocebus_cinerascens","mammals",NA,70,213091.073386269,"supersmall"
"Plecturocebus_cupreus","mammals",NA,250,764151.038355559,"small"
"Plecturocebus_discolor","mammals",NA,115,352452.353884901,"supersmall"
"Plecturocebus_donacophilus","mammals",NA,53,157930.135300191,"supersmall"
"Plecturocebus_moloch","mammals",NA,310,945068.321760249,"small"
"Plecturocebus_toppini","mammals",NA,94,284763.154214178,"supersmall"
"Plecturocebus_vieirai","mammals",NA,71,215339.327333938,"supersmall"
"Potos_flavus","mammals",NA,4205,12715016.4220696,"superlarge"
"Priodontes_maximus","mammals",NA,3175,9593974.70426888,"superlarge"
"Procyon_cancrivorus","mammals",NA,4286,12775395.4342918,"superlarge"
"Proechimys_brevicauda","mammals",NA,481,1463079.67011111,"medium"
"Proechimys_cuvieri","mammals",NA,1142,3507260.39144567,"large"
"Proechimys_echinothrix","mammals",NA,93,285665.540373453,"supersmall"
"Proechimys_gardneri","mammals",NA,229,699066.105833069,"small"
"Proechimys_goeldii","mammals",NA,336,1026515.71385602,"small"
"Proechimys_guyannensis","mammals",NA,487,1495063.33935219,"medium"
"Proechimys_pattoni","mammals",NA,54,163339.084974308,"supersmall"
"Proechimys_quadruplicatus","mammals",NA,483,1485163.48900916,"medium"
"Proechimys_roberti","mammals",NA,561,1705533.17808746,"medium"
"Proechimys_simonsi","mammals",NA,635,1931775.07526656,"medium"
"Proechimys_steerei","mammals",NA,550,1679094.50260588,"medium"
"Promops_centralis","mammals",NA,1565,4707080.56572707,"large"
"Promops_nasutus","mammals",NA,2690,8032016.22611351,"superlarge"
"Pteronotus_gymnonotus","mammals",NA,1056,3197850.31703047,"large"
"Pteronotus_rubiginosus","mammals",NA,1473,4498784.31239968,"large"
"Pteronura_brasiliensis","mammals",NA,2172,6609549.78813016,"large"
"Rhinophylla_fischerae","mammals",NA,1493,4572146.07814507,"large"
"Rhinophylla_pumilio","mammals",NA,2735,8346973.78676446,"superlarge"
"Rhipidomys_emiliae","mammals",NA,227,693874.715411149,"small"
"Rhipidomys_leucodactylus","mammals",NA,1437,4397946.0231573,"large"
"Rhipidomys_nitela","mammals",NA,470,1442954.31495255,"medium"
"Rhogeessa_io","mammals",NA,1516,4584519.1411991,"large"
"Rhynchonycteris_naso","mammals",NA,3798,11531708.3019735,"superlarge"
"Saccopteryx_bilineata","mammals",NA,4184,12654930.3442164,"superlarge"
"Saccopteryx_canescens","mammals",NA,2085,6386894.69268805,"large"
"Saccopteryx_gymnura","mammals",NA,255,783787.558861103,"small"
"Saccopteryx_leptura","mammals",NA,4066,12292763.4896361,"superlarge"
"Saguinus_imperator","mammals",NA,75,227358.894833394,"supersmall"
"Saguinus_inustus","mammals",NA,124,381432.316721107,"supersmall"
"Saguinus_labiatus","mammals",NA,95,289943.386331641,"supersmall"
"Saguinus_midas","mammals",NA,285,876033.708984151,"small"
"Saguinus_mystax","mammals",NA,188,575700.819754997,"small"
"Saguinus_niger","mammals",NA,95,291329.766806178,"supersmall"
"Saimiri_boliviensis","mammals",NA,452,1367413.49851027,"medium"
"Saimiri_cassiquiarensis","mammals",NA,597,1833995.45495096,"medium"
"Saimiri_collinsi","mammals",NA,298,913774.538355389,"small"
"Saimiri_sciureus","mammals",NA,314,965268.89288812,"small"
"Saimiri_ustus","mammals",NA,283,860788.253056997,"small"
"Sapajus_apella","mammals",NA,1960,5987201.79081868,"large"
"Sciurillus_pusillus","mammals",NA,392,1199716.66270158,"small"
"Sciurus_aestuans","mammals",NA,2328,6951956.94579821,"large"
"Sciurus_gilvigularis","mammals",NA,429,1318114.83597168,"medium"
"Sciurus_ignitus","mammals",NA,696,2073827.75959252,"medium"
"Sciurus_igniventris","mammals",NA,882,2702960.94941753,"medium"
"Sciurus_spadiceus","mammals",NA,1070,3253719.22677662,"large"
"Scleronycteris_ega","mammals",NA,315,968828.058162035,"small"
"Scolomys_ucayalensis","mammals",NA,62,190259.903980546,"supersmall"
"Sotalia_fluviatilis","mammals",NA,251,770432.268037911,"small"
"Speothos_venaticus","mammals",NA,3771,11368590.5295652,"superlarge"
"Sphaeronycteris_toxophyllum","mammals",NA,1238,3784145.56613695,"large"
"Sturnira_bidens","mammals",NA,226,691074.909726146,"small"
"Sturnira_erythromos","mammals",NA,849,2554574.27296146,"medium"
"Sturnira_magna","mammals",NA,517,1571947.27602514,"medium"
"Sturnira_oporaphilum","mammals",NA,343,1018680.72461505,"small"
"Sturnira_tildae","mammals",NA,3524,10671573.2353464,"superlarge"
"Tamandua_tetradactyla","mammals",NA,4266,12749699.3755607,"superlarge"
"Tapirus_terrestris","mammals",NA,3753,11281436.9756505,"superlarge"
"Tayassu_pecari","mammals",NA,3766,11309706.9189278,"superlarge"
"Thomasomys_aureus","mammals",NA,179,543238.930970505,"small"
"Thomasomys_notatus","mammals",NA,59,178586.771038092,"supersmall"
"Thomasomys_oreas","mammals",NA,69,207122.487551478,"supersmall"
"Thomasomys_taczanowskii","mammals",NA,51,156360.407913923,"supersmall"
"Thylamys_venustus","mammals",NA,99,284615.276160014,"supersmall"
"Thyroptera_discifera","mammals",NA,1860,5686889.02312635,"large"
"Thyroptera_tricolor","mammals",NA,2813,8541127.41815604,"superlarge"
"Tonatia_saurophila","mammals",NA,2127,6500442.3186307,"large"
"Toromys_grandis","mammals",NA,59,181422.042075748,"supersmall"
"Trachops_cirrhosus","mammals",NA,4191,12664001.5233976,"superlarge"
"Trichechus_inunguis","mammals",NA,80,245669.132195722,"supersmall"
"Trinycteris_nicefori","mammals",NA,1397,4269704.13387879,"large"
"Uroderma_bilobatum","mammals",NA,3540,10727076.2833552,"superlarge"
"Uroderma_magnirostrum","mammals",NA,3563,10828133.4628971,"superlarge"
"Vampyressa_melissa","mammals",NA,146,445967.42135112,"supersmall"
"Vampyressa_thyone","mammals",NA,1491,4537888.94826279,"large"
"Vampyriscus_bidens","mammals",NA,2202,6729504.26367974,"large"
"Vampyriscus_brocki","mammals",NA,303,931185.733203923,"small"
"Vampyrodes_caraccioli","mammals",NA,2403,7336981.14435103,"large"
"Vampyrum_spectrum","mammals",NA,1735,5257482.09476392,"large"
"Alopoglossus_angulatus","reptiles",NA,1449,4432247.96251047,"large"
"Alopoglossus_atriventris","reptiles",NA,578,1769965.59478742,"medium"
"Alopoglossus_buckleyi","reptiles",NA,230,705026.204739704,"small"
"Alopoglossus_copii","reptiles",NA,82,252244.616365757,"supersmall"
"Ameiva_ameiva","reptiles",NA,3602,10842466.3376644,"superlarge"
"Amerotyphlops_brongersmianus","reptiles",NA,4535,13424926.267712,"superlarge"
"Amerotyphlops_minuisquamus","reptiles",NA,542,1665879.00813082,"medium"
"Amerotyphlops_reticulatus","reptiles",NA,3045,9242575.12765958,"superlarge"
"Amphisbaena_alba","reptiles",NA,3572,10772367.7754097,"superlarge"
"Amphisbaena_borelli","reptiles",NA,101,293900.597947963,"supersmall"
"Amphisbaena_brasiliana","reptiles",NA,315,960823.247640685,"small"
"Amphisbaena_camura","reptiles",NA,159,461505.468612723,"small"
"Amphisbaena_fuliginosa","reptiles",NA,2987,9084860.44508383,"superlarge"
"Amphisbaena_leeseri","reptiles",NA,416,1239333.60883849,"medium"
"Amphisbaena_silvestrii","reptiles",NA,296,880063.204426865,"small"
"Amphisbaena_vanzolini","reptiles",NA,176,541363.326640803,"small"
"Anilius_scytale","reptiles",NA,2523,7689057.60895667,"superlarge"
"Anolis_auratus","reptiles",NA,1007,3086048.0755624,"large"
"Anolis_bombiceps","reptiles",NA,196,602613.952835403,"small"
"Anolis_chrysolepis","reptiles",NA,202,620857.275013149,"small"
"Anolis_fuscoauratus","reptiles",NA,2721,8278674.44354558,"superlarge"
"Anolis_meridionalis","reptiles",NA,1014,3007251.92955414,"large"
"Anolis_ortonii","reptiles",NA,1571,4784782.20865138,"large"
"Anolis_punctatus","reptiles",NA,2026,6190397.73251107,"large"
"Anolis_scypheus","reptiles",NA,276,847030.365954557,"small"
"Anolis_tandai","reptiles",NA,608,1853680.1528242,"medium"
"Anolis_trachyderma","reptiles",NA,392,1202200.21668042,"small"
"Anolis_transversalis","reptiles",NA,709,2169524.39181914,"medium"
"Apostolepis_nigrolineatus","reptiles",NA,1045,3195444.61937061,"large"
"Apostolepis_nigroterminata","reptiles",NA,52,157286.837503063,"supersmall"
"Arthrosaura_reticulata","reptiles",NA,1606,4916597.81655829,"large"
"Atractus_albuquerquei","reptiles",NA,1165,3517981.31436022,"large"
"Atractus_alphonsehogei","reptiles",NA,821,2520105.57983852,"medium"
"Atractus_collaris","reptiles",NA,350,1075296.87800025,"small"
"Atractus_elaps","reptiles",NA,1098,3367543.98348417,"large"
"Atractus_emmeli","reptiles",NA,147,443766.225641397,"supersmall"
"Atractus_latifrons","reptiles",NA,1287,3929543.12488592,"large"
"Atractus_major","reptiles",NA,1531,4670800.96990909,"large"
"Atractus_natans","reptiles",NA,645,1979749.2688344,"medium"
"Atractus_poeppigi","reptiles",NA,314,962004.115471383,"small"
"Atractus_schach","reptiles",NA,1070,3283618.82005939,"large"
"Atractus_snethlageae","reptiles",NA,1806,5532866.49626931,"large"
"Atractus_torquatus","reptiles",NA,695,2134216.13119346,"medium"
"Atractus_trilineatus","reptiles",NA,286,876612.003674988,"small"
"Bachia_dorbignyi","reptiles",NA,377,1128918.28483093,"small"
"Bachia_flavescens","reptiles",NA,1190,3649563.10204508,"large"
"Bachia_peruana","reptiles",NA,51,154882.191451303,"supersmall"
"Bachia_trisanale","reptiles",NA,172,525999.432638466,"small"
"Boa_constrictor","reptiles",NA,4388,13180841.8091235,"superlarge"
"Bothrocophias_andianus","reptiles",NA,50,148715.746063504,"supersmall"
"Bothrocophias_hyoprora","reptiles",NA,1184,3613098.35868519,"large"
"Bothrocophias_microphthalmus","reptiles",NA,135,412207.405680107,"supersmall"
"Bothrops_atrox","reptiles",NA,2375,7257779.04260688,"large"
"Bothrops_bilineatus","reptiles",NA,2200,6699418.28080582,"large"
"Bothrops_brazili","reptiles",NA,1674,5129445.47898601,"large"
"Bothrops_mattogrossensis","reptiles",NA,1260,3717008.76751039,"large"
"Bothrops_taeniatus","reptiles",NA,1569,4810270.48357907,"large"
"Caiman_crocodilus","reptiles",NA,2664,8139012.75317427,"superlarge"
"Caiman_yacare","reptiles",NA,637,1858611.93770777,"medium"
"Cercosaura_argulus","reptiles",NA,1381,4216138.13938858,"large"
"Cercosaura_eigenmanni","reptiles",NA,481,1448822.53129291,"medium"
"Cercosaura_ocellata","reptiles",NA,2542,7668193.38256627,"superlarge"
"Cercosaura_parkeri","reptiles",NA,365,1077008.00431119,"small"
"Chatogekko_amazonicus","reptiles",NA,1072,3284888.45662385,"large"
"Chironius_carinatus","reptiles",NA,1720,5257227.35023625,"large"
"Chironius_exoletus","reptiles",NA,4149,12491608.9082085,"superlarge"
"Chironius_flavolineatus","reptiles",NA,2209,6610348.4237243,"large"
"Chironius_fuscus","reptiles",NA,2566,7795882.42899513,"superlarge"
"Chironius_laurenti","reptiles",NA,223,664514.013397004,"small"
"Chironius_maculoventris","reptiles",NA,359,1022704.96541956,"small"
"Chironius_monticola","reptiles",NA,103,313536.182927256,"supersmall"
"Chironius_multiventris","reptiles",NA,2283,6976956.43940435,"large"
"Chironius_scurrulus","reptiles",NA,2469,7527654.52245835,"large"
"Clelia_clelia","reptiles",NA,3746,11314922.8962962,"superlarge"
"Cnemidophorus_cryptus","reptiles",NA,576,1767033.1114972,"medium"
"Cnemidophorus_lemniscatus","reptiles",NA,1074,3298218.13200248,"large"
"Copeoglossum_nigropunctatum","reptiles",NA,3286,9935803.32286545,"superlarge"
"Corallus_batesii","reptiles",NA,2257,6888250.94166049,"large"
"Corallus_caninus","reptiles",NA,465,1428574.33431905,"medium"
"Corallus_hortulanus","reptiles",NA,3572,10792909.8223854,"superlarge"
"Crocodilurus_amazonicus","reptiles",NA,751,2303595.9080569,"medium"
"Crotalus_durissus","reptiles",NA,4422,13152489.8128778,"superlarge"
"Dendrophidion_brunneum","reptiles",NA,51,156390.681208708,"supersmall"
"Dendrophidion_dendrophis","reptiles",NA,2435,7436611.46699976,"large"
"Diploglossus_fasciatus","reptiles",NA,232,688527.89163807,"small"
"Dipsas_catesbyi","reptiles",NA,2019,6168111.6085339,"large"
"Dipsas_indica","reptiles",NA,2221,6758867.94053806,"large"
"Dipsas_pavonina","reptiles",NA,1804,5514486.40765803,"large"
"Dipsas_peruana","reptiles",NA,174,530134.377306807,"small"
"Dracaena_guianensis","reptiles",NA,777,2381468.0562832,"medium"
"Drepanoides_anomalus","reptiles",NA,1588,4850919.49774403,"large"
"Drymarchon_corais","reptiles",NA,3752,11332725.011115,"superlarge"
"Drymobius_rhombifer","reptiles",NA,2024,6185158.69378987,"large"
"Drymoluber_dichrous","reptiles",NA,2657,8084504.20566,"superlarge"
"Enyalioides_cofanorum","reptiles",NA,114,350420.414008294,"supersmall"
"Enyalioides_laticeps","reptiles",NA,650,1988943.8204194,"medium"
"Enyalioides_microlepis","reptiles",NA,118,362778.227753481,"supersmall"
"Enyalioides_palpebralis","reptiles",NA,196,596110.010010034,"small"
"Enyalius_leechii","reptiles",NA,472,1439440.33164522,"medium"
"Epicrates_cenchria","reptiles",NA,2730,8312305.19967156,"superlarge"
"Epicrates_crassus","reptiles",NA,1541,4559236.90125185,"large"
"Epictia_albifrons","reptiles",NA,431,1323666.15431847,"medium"
"Epictia_diaplocia","reptiles",NA,72,219122.497298718,"supersmall"
"Erythrolamprus_aesculapii","reptiles",NA,3661,11053454.1227728,"superlarge"
"Erythrolamprus_breviceps","reptiles",NA,1568,4800664.7982769,"large"
"Erythrolamprus_dorsocorallinus","reptiles",NA,317,972257.983525654,"small"
"Erythrolamprus_miliaris","reptiles",NA,3683,11067768.210308,"superlarge"
"Erythrolamprus_oligolepis","reptiles",NA,710,2179453.91815735,"medium"
"Erythrolamprus_pygmaea","reptiles",NA,777,2381983.70484643,"medium"
"Erythrolamprus_reginae","reptiles",NA,3818,11525570.7478483,"superlarge"
"Erythrolamprus_taeniogaster","reptiles",NA,1765,5373666.43984924,"large"
"Erythrolamprus_typhlus","reptiles",NA,3389,10230162.9736992,"superlarge"
"Eunectes_murinus","reptiles",NA,3574,10816895.6952849,"superlarge"
"Euspondylus_simonsii","reptiles",NA,64,195015.62444957,"supersmall"
"Exila_nigropalmata","reptiles",NA,94,284818.970582398,"supersmall"
"Gonatodes_annularis","reptiles",NA,290,890845.017900618,"small"
"Gonatodes_concinnatus","reptiles",NA,87,267421.090803068,"supersmall"
"Gonatodes_eladioi","reptiles",NA,83,253895.320187891,"supersmall"
"Gonatodes_hasemani","reptiles",NA,665,2016282.21789223,"medium"
"Gonatodes_humeralis","reptiles",NA,1974,6027556.66156966,"large"
"Gymnophthalmus_underwoodi","reptiles",NA,285,875864.551817768,"small"
"Helicops_angulatus","reptiles",NA,3360,10204617.2976377,"superlarge"
"Helicops_hagmanni","reptiles",NA,1132,3472112.78071303,"large"
"Helicops_leopardinus","reptiles",NA,2820,8529839.70570985,"superlarge"
"Helicops_pastazae","reptiles",NA,146,445693.938661048,"supersmall"
"Helicops_polylepis","reptiles",NA,1628,4940321.76806125,"large"
"Helicops_trivittatus","reptiles",NA,284,866893.128039473,"small"
"Hemidactylus_palaichthus","reptiles",NA,693,2127479.07589937,"medium"
"Hoplocercus_spinosus","reptiles",NA,1127,3387975.46892788,"large"
"Hydrodynastes_bicinctus","reptiles",NA,2205,6681253.7926136,"large"
"Hydrodynastes_gigas","reptiles",NA,2347,7037570.94539036,"large"
"Hydrops_martii","reptiles",NA,1298,3981997.33622185,"large"
"Hydrops_triangularis","reptiles",NA,2345,7164163.8059888,"large"
"Imantodes_cenchoa","reptiles",NA,4135,12458941.2651484,"superlarge"
"Imantodes_lentiferus","reptiles",NA,1773,5424289.79280092,"large"
"Iphisa_elegans","reptiles",NA,1606,4908493.42133647,"large"
"Kentropyx_altamazonica","reptiles",NA,1148,3495342.45964129,"large"
"Kentropyx_calcarata","reptiles",NA,1697,5178439.25216749,"large"
"Kentropyx_pelviceps","reptiles",NA,612,1868065.69550576,"medium"
"Kentropyx_vanzoi","reptiles",NA,277,822093.378700217,"small"
"Lachesis_muta","reptiles",NA,2569,7831278.63499032,"superlarge"
"Lepidoblepharis_heyerorum","reptiles",NA,684,2100522.1830625,"medium"
"Lepidoblepharis_hoogmoedi","reptiles",NA,58,177999.887031644,"supersmall"
"Leptodeira_annulata","reptiles",NA,4594,13772168.6150435,"superlarge"
"Leptomicrurus_collaris","reptiles",NA,623,1915000.48928766,"medium"
"Leptophis_ahaetulla","reptiles",NA,4482,13429874.0908421,"superlarge"
"Leptophis_cupreus","reptiles",NA,386,1185492.39107374,"small"
"Loxopholis_guianense","reptiles",NA,324,995660.507535587,"small"
"Loxopholis_osvaldoi","reptiles",NA,327,995467.807703355,"small"
"Loxopholis_parietalis","reptiles",NA,125,384211.656324799,"supersmall"
"Loxopholis_percarinatum","reptiles",NA,1187,3640224.23940327,"large"
"Loxopholis_snethlageae","reptiles",NA,170,521966.730815702,"small"
"Manciola_guaporicola","reptiles",NA,761,2251637.38374336,"medium"
"Mastigodryas_boddaerti","reptiles",NA,3362,10218748.0547528,"superlarge"
"Mastigodryas_pleei","reptiles",NA,2290,7006645.83178065,"large"
"Melanosuchus_niger","reptiles",NA,1931,5885561.86072185,"large"
"Micrablepharus_atticolus","reptiles",NA,707,2103019.04634975,"medium"
"Micrablepharus_maximiliani","reptiles",NA,1945,5833646.43634471,"large"
"Micrurus_albicinctus","reptiles",NA,367,1122857.14487059,"small"
"Micrurus_annellatus","reptiles",NA,550,1654555.8067545,"medium"
"Micrurus_averyi","reptiles",NA,91,279943.055781259,"supersmall"
"Micrurus_filiformis","reptiles",NA,1169,3583046.4319752,"large"
"Micrurus_hemprichii","reptiles",NA,1668,5110308.62128153,"large"
"Micrurus_langsdorffi","reptiles",NA,477,1463378.96131687,"medium"
"Micrurus_lemniscatus","reptiles",NA,3641,10972893.0256031,"superlarge"
"Micrurus_narduccii","reptiles",NA,245,746124.055326024,"small"
"Micrurus_nattereri","reptiles",NA,67,206034.118113473,"supersmall"
"Micrurus_obscurus","reptiles",NA,404,1232424.46940752,"medium"
"Micrurus_ornatissimus","reptiles",NA,116,356863.57927845,"supersmall"
"Micrurus_paraensis","reptiles",NA,1265,3862962.44896501,"large"
"Micrurus_psyches","reptiles",NA,245,751594.293009988,"small"
"Micrurus_remotus","reptiles",NA,318,975838.84349537,"small"
"Micrurus_scutiventris","reptiles",NA,347,1066733.74593697,"small"
"Micrurus_spixii","reptiles",NA,1601,4885729.0398042,"large"
"Micrurus_surinamensis","reptiles",NA,2236,6815924.26914345,"large"
"Neusticurus_bicarinatus","reptiles",NA,1212,3711570.19702841,"large"
"Neusticurus_rudis","reptiles",NA,441,1355105.98188506,"medium"
"Ninia_hudsoni","reptiles",NA,777,2374032.01716481,"medium"
"Oxybelis_aeneus","reptiles",NA,4236,12781697.7022494,"superlarge"
"Oxybelis_fulgidus","reptiles",NA,2750,8383894.07416981,"superlarge"
"Oxyrhopus_formosus","reptiles",NA,664,2021119.14992497,"medium"
"Oxyrhopus_melanogenys","reptiles",NA,2045,6254540.61572193,"large"
"Oxyrhopus_occipitalis","reptiles",NA,1328,4071064.78591171,"large"
"Oxyrhopus_petolarius","reptiles",NA,4191,12663131.5875379,"superlarge"
"Oxyrhopus_vanidicus","reptiles",NA,748,2296509.16706113,"medium"
"Paleosuchus_palpebrosus","reptiles",NA,3418,10347087.9985521,"superlarge"
"Paleosuchus_trigonatus","reptiles",NA,2008,6133934.58074251,"large"
"Palusophis_bifossatus","reptiles",NA,3645,10926544.3735553,"superlarge"
"Phalotris_sansebastiani","reptiles",NA,74,213729.631511547,"supersmall"
"Philodryas_argentea","reptiles",NA,1852,5672915.88090815,"large"
"Philodryas_georgeboulengeri","reptiles",NA,587,1785943.67349517,"medium"
"Philodryas_olfersii","reptiles",NA,4026,12047059.0295929,"superlarge"
"Philodryas_viridissima","reptiles",NA,2584,7884178.85040252,"superlarge"
"Phrynonax_polylepis","reptiles",NA,2649,8094316.3416247,"superlarge"
"Plica_plica","reptiles",NA,1913,5855083.78156881,"large"
"Plica_umbra","reptiles",NA,1945,5940168.62005723,"large"
"Polychrus_liogaster","reptiles",NA,538,1627532.44005207,"medium"
"Polychrus_marmoratus","reptiles",NA,2483,7564327.67747239,"large"
"Potamites_ecpleopus","reptiles",NA,679,2078439.64450435,"medium"
"Potamites_juruazensis","reptiles",NA,127,386491.649181183,"supersmall"
"Proctoporus_guentheri","reptiles",NA,53,158380.150275972,"supersmall"
"Proctoporus_xestus","reptiles",NA,74,220194.031763642,"supersmall"
"Pseudoboa_coronata","reptiles",NA,2536,7724614.53274049,"superlarge"
"Pseudoboa_martinsi","reptiles",NA,352,1080514.82699797,"small"
"Pseudoboa_neuwiedii","reptiles",NA,1595,4889711.19826489,"large"
"Pseudoboa_nigra","reptiles",NA,2082,6241652.2122083,"large"
"Pseudoeryx_plicatilis","reptiles",NA,2513,7629564.52164698,"superlarge"
"Pseudogonatodes_guianensis","reptiles",NA,1494,4579690.25584922,"large"
"Psomophis_genimaculatus","reptiles",NA,394,1158073.59727843,"small"
"Ptychoglossus_brevifrontalis","reptiles",NA,1076,3294725.54957853,"large"
"Rhinobothryum_lentiginosum","reptiles",NA,1903,5822531.02060509,"large"
"Salvator_merianae","reptiles",NA,2084,6045709.80442156,"large"
"Siagonodon_cupinensis","reptiles",NA,312,955727.383112244,"small"
"Siagonodon_septemstriatus","reptiles",NA,992,3044813.40660828,"medium"
"Siphlophis_cervinus","reptiles",NA,2511,7665131.38103521,"superlarge"
"Siphlophis_compressus","reptiles",NA,2643,8056002.49066199,"superlarge"
"Siphlophis_worontzowi","reptiles",NA,975,2933413.78593364,"medium"
"Spilotes_pullatus","reptiles",NA,4170,12565439.1043188,"superlarge"
"Spilotes_sulphureus","reptiles",NA,2541,7731907.10767804,"superlarge"
"Stenocercus_caducus","reptiles",NA,455,1328399.92481644,"medium"
"Stenocercus_fimbriatus","reptiles",NA,229,697313.330308411,"small"
"Stenocercus_prionotus","reptiles",NA,89,267532.908314042,"supersmall"
"Stenocercus_roseiventris","reptiles",NA,534,1582449.72524169,"medium"
"Stenocercus_sinesaccus","reptiles",NA,173,513897.370536954,"small"
"Taeniophallus_brevirostris","reptiles",NA,1627,4985136.49902783,"large"
"Taeniophallus_nicagus","reptiles",NA,135,415289.818434878,"supersmall"
"Taeniophallus_occipitalis","reptiles",NA,3040,8981574.48101396,"superlarge"
"Taeniophallus_quadriocellatus","reptiles",NA,127,390195.31743542,"supersmall"
"Tantilla_melanocephala","reptiles",NA,4467,13376206.1556096,"superlarge"
"Thamnodynastes_lanei","reptiles",NA,305,898344.707623977,"small"
"Thamnodynastes_pallidus","reptiles",NA,1863,5670853.24669947,"large"
"Thamnodynastes_ramonriveroi","reptiles",NA,388,1190113.05113467,"small"
"Thecadactylus_solimoensis","reptiles",NA,771,2352061.94329163,"medium"
"Tretioscincus_agilis","reptiles",NA,360,1106419.33123108,"small"
"Tretioscincus_oriximinensis","reptiles",NA,202,620820.953082295,"small"
"Tricheilostoma_dimidiatum","reptiles",NA,118,362578.738686707,"supersmall"
"Trilepida_brasiliensis","reptiles",NA,1451,4377085.92174708,"large"
"Trilepida_macrolepis","reptiles",NA,1986,6081231.40697898,"large"
"Tropidurus_etheridgei","reptiles",NA,583,1694000.35515764,"medium"
"Tropidurus_insulanus","reptiles",NA,91,277059.062820484,"supersmall"
"Tropidurus_melanopleurus","reptiles",NA,74,215623.050457657,"supersmall"
"Tropidurus_oreadicus","reptiles",NA,1368,4121648.70846755,"large"
"Tupinambis_longilineus","reptiles",NA,206,628571.19961139,"small"
"Tupinambis_teguixin","reptiles",NA,3332,10122304.150334,"superlarge"
"Typhlophis_squamosus","reptiles",NA,679,2085507.16190086,"medium"
"Uracentron_azureum","reptiles",NA,1346,4129171.27746609,"large"
"Uracentron_flaviceps","reptiles",NA,359,1103094.32362889,"small"
"Uranoscodon_superciliosus","reptiles",NA,1593,4884266.35621364,"large"
"Varzea_altamazonica","reptiles",NA,307,939927.042972846,"small"
"Varzea_bistriata","reptiles",NA,528,1621279.35999663,"medium"
"Xenodon_rabdocephalus","reptiles",NA,2808,8550144.54227484,"superlarge"
"Xenodon_severus","reptiles",NA,2677,8156778.21939558,"superlarge"
"Xenopholis_scalaris","reptiles",NA,3330,10072572.1770537,"superlarge"
"Xenopholis_werdingorum","reptiles",NA,154,458150.907617523,"small"
"Aburria_aburri","birds","resident",109,333267.196342629,"supersmall"
"Accipiter_bicolor","birds","resident",4855,14310026.8731317,"superlarge"
"Accipiter_collaris","birds","resident",88,269454.975639022,"supersmall"
"Accipiter_poliogaster","birds","resident",3231,9770137.43059243,"superlarge"
"Accipiter_superciliosus","birds","resident",2833,8568624.84766803,"superlarge"
"Adelomyia_melanogenys","birds","resident",209,631895.800231512,"small"
"Aeronautes_montivagus","birds","resident",271,824558.406683587,"small"
"Agamia_agami","birds","resident",2694,8191037.23036036,"superlarge"
"Aglaeactis_cupripennis","birds","resident",69,210697.582274517,"supersmall"
"Aglaiocercus_kingii","birds","resident",80,243358.789293809,"supersmall"
"Agriornis_albicauda","birds","resident",196,580557.005626549,"small"
"Akletos_goeldii","birds","resident",115,347956.61912015,"supersmall"
"Akletos_melanoceps","birds","resident",428,1312698.40465623,"medium"
"Amaurolimnas_concolor","birds","resident",558,1691179.63441599,"medium"
"Amazilia_franciae","birds","resident",76,232934.335276724,"supersmall"
"Amazona_amazonica","birds","resident",2428,7371189.46315485,"large"
"Amazona_diadema","birds","resident",79,242537.556606855,"supersmall"
"Amazona_farinosa","birds","resident",2450,7466397.84817181,"large"
"Amazona_festiva","birds","resident",215,660491.875786914,"small"
"Amazona_kawalli","birds","resident",347,1061559.87662626,"small"
"Amazona_mercenarius","birds","resident",140,425621.870209535,"supersmall"
"Amazona_ochrocephala","birds","resident",2160,6601823.07702812,"large"
"Ammodramus_aurifrons","birds","resident",1264,3865141.55940924,"large"
"Ampelioides_tschudii","birds","resident",55,167213.575535336,"supersmall"
"Ampelion_rubrocristatus","birds","resident",127,385983.172032561,"supersmall"
"Anabacerthia_ruficaudata","birds","resident",1411,4312896.51416543,"large"
"Anabacerthia_striaticollis","birds","resident",110,334316.950774562,"supersmall"
"Anabazenops_dorsalis","birds","resident",152,462278.905248448,"small"
"Ancistrops_strigilatus","birds","resident",821,2508717.48526401,"medium"
"Anhima_cornuta","birds","resident",3630,10974687.3850743,"superlarge"
"Anhinga_anhinga","birds","resident",4861,14470579.5767196,"superlarge"
"Anisognathus_lacrymosus","birds","resident",51,155913.004798694,"supersmall"
"Anisognathus_lunulatus","birds","resident",55,168382.480565929,"supersmall"
"Anisognathus_somptuosus","birds","resident",102,311708.646037379,"supersmall"
"Anodorhynchus_hyacinthinus","birds","resident",904,2721935.15442673,"medium"
"Anthracothorax_nigricollis","birds","resident",3286,9829464.23627526,"superlarge"
"Anthus_bogotensis","birds","resident",111,334668.553680993,"supersmall"
"Anthus_brevirostris","birds","resident",63,186632.836057177,"supersmall"
"Antrostomus_sericocaudatus","birds","resident",403,1168796.53377165,"medium"
"Ara_ararauna","birds","resident",2582,7830572.33574177,"superlarge"
"Ara_chloropterus","birds","resident",2665,8092408.41994335,"superlarge"
"Ara_macao","birds","resident",2212,6755195.79428911,"large"
"Ara_severus","birds","resident",1920,5852910.81027463,"large"
"Aramides_cajaneus","birds","resident",4366,13045591.4508305,"superlarge"
"Aramides_calopterus","birds","resident",203,621385.09674636,"small"
"Aramus_guarauna","birds","resident",4129,12169050.7295156,"superlarge"
"Aratinga_weddellii","birds","resident",746,2267838.34131618,"medium"
"Ardea_cocoi","birds","resident",5008,14705361.1795401,"superlarge"
"Arremon_assimilis","birds","resident",89,271532.344869305,"supersmall"
"Arremon_dorbignii","birds","resident",71,203343.137375454,"supersmall"
"Arremon_taciturnus","birds","resident",2225,6761481.49084287,"large"
"Asthenes_wyatti","birds","resident",153,444807.65021025,"small"
"Atlapetes_latinuchus","birds","resident",53,162488.698930329,"supersmall"
"Atticora_fasciata","birds","resident",2135,6524888.91890365,"large"
"Atticora_tibialis","birds","resident",1372,4183283.36139527,"large"
"Attila_bolivianus","birds","resident",911,2762715.54524334,"medium"
"Attila_cinnamomeus","birds","resident",1726,5287962.97115512,"large"
"Attila_citriniventris","birds","resident",502,1540984.9242526,"medium"
"Attila_spadiceus","birds","resident",2674,8128846.27572344,"superlarge"
"Aulacorhynchus_atrogularis","birds","resident",143,431234.774128539,"supersmall"
"Aulacorhynchus_derbianus","birds","resident",97,292853.895035347,"supersmall"
"Automolus_infuscatus","birds","resident",1412,4327857.07536045,"large"
"Automolus_melanopezus","birds","resident",220,669663.882705615,"small"
"Automolus_ochrolaemus","birds","resident",2076,6341010.50878197,"large"
"Automolus_paraensis","birds","resident",541,1648927.94935392,"medium"
"Automolus_rufipileatus","birds","resident",1425,4358668.36862247,"large"
"Automolus_subulatus","birds","resident",1077,3293500.33034721,"large"
"Avocettula_recurvirostris","birds","resident",824,2527583.16960123,"medium"
"Baryphthengus_martii","birds","resident",1067,3244430.69743285,"large"
"Basileuterus_tristriatus","birds","resident",139,424715.388967246,"supersmall"
"Berlepschia_rikeri","birds","resident",1694,5172609.73549333,"large"
"Bolborhynchus_orbygnesius","birds","resident",63,188340.943907509,"supersmall"
"Brachygalba_albogularis","birds","resident",218,663232.841561645,"small"
"Brachygalba_lugubris","birds","resident",1573,4777914.53142295,"large"
"Brotogeris_chrysoptera","birds","resident",1015,3110941.46273365,"large"
"Brotogeris_cyanoptera","birds","resident",838,2557526.75220183,"medium"
"Brotogeris_sanctithomae","birds","resident",277,846117.926245551,"small"
"Brotogeris_versicolurus","birds","resident",210,645131.5116094,"small"
"Bucco_capensis","birds","resident",1781,5456029.47775456,"large"
"Busarellus_nigricollis","birds","resident",4293,12818336.4326847,"superlarge"
"Buteo_albigula","birds","resident",380,1023562.80131916,"small"
"Buteo_brachyurus","birds","resident",4795,14375656.4574364,"superlarge"
"Buteo_nitidus","birds","resident",3457,10448961.5089403,"superlarge"
"Buteogallus_schistaceus","birds","resident",1193,3641692.17130284,"large"
"Buteogallus_solitarius","birds","resident",342,1020415.12638458,"small"
"Buteogallus_urubitinga","birds","resident",4414,13143370.6966555,"superlarge"
"Buthraupis_montana","birds","resident",94,286419.620825364,"supersmall"
"Cacicus_cela","birds","resident",2814,8567780.29166588,"superlarge"
"Cacicus_chrysonotus","birds","resident",86,261863.12337858,"supersmall"
"Cacicus_haemorrhous","birds","resident",2689,8081661.06129182,"superlarge"
"Cacicus_latirostris","birds","resident",138,422923.204229982,"supersmall"
"Cacicus_oseryi","birds","resident",209,638223.013757403,"small"
"Cacicus_sclateri","birds","resident",93,285851.541158922,"supersmall"
"Cacicus_solitarius","birds","resident",2952,8801372.10463334,"superlarge"
"Cairina_moschata","birds","resident",4756,14178310.8248936,"superlarge"
"Campephilus_haematogaster","birds","resident",99,301474.424128192,"supersmall"
"Campephilus_melanoleucos","birds","resident",3667,11112242.2769093,"superlarge"
"Campephilus_pollens","birds","resident",61,187183.76942878,"supersmall"
"Campephilus_rubricollis","birds","resident",2268,6920265.12957332,"large"
"Camptostoma_obsoletum","birds","resident",4851,14450358.4489832,"superlarge"
"Campylopterus_largipennis","birds","resident",2329,7108777.6634014,"large"
"Campylorhamphus_multostriatus","birds","resident",64,196253.978154364,"supersmall"
"Campylorhamphus_probatus","birds","resident",316,964007.163782119,"small"
"Campylorhamphus_procurvoides","birds","resident",851,2612038.81490457,"medium"
"Campylorhamphus_trochilirostris","birds","resident",2468,7368143.61286225,"large"
"Campylorhynchus_turdinus","birds","resident",1497,4513299.62426608,"large"
"Cantorchilus_guarayanus","birds","resident",232,687152.849432149,"small"
"Cantorchilus_leucotis","birds","resident",2873,8726841.8864425,"superlarge"
"Capito_auratus","birds","resident",1019,3117076.07713038,"large"
"Capito_aurovirens","birds","resident",398,1222284.15176033,"small"
"Capito_dayi","birds","resident",388,1175115.17170223,"small"
"Capito_niger","birds","resident",360,1105841.35149911,"small"
"Caryothraustes_canadensis","birds","resident",872,2666259.0820053,"medium"
"Caryothraustes_erythromelas","birds","resident",420,1288481.14088052,"medium"
"Catamblyrhynchus_diadema","birds","resident",114,345516.908232476,"supersmall"
"Catamenia_homochroa","birds","resident",89,270598.377170859,"supersmall"
"Catamenia_inornata","birds","resident",277,808614.357010043,"small"
"Cathartes_melambrotus","birds","resident",2179,6660416.54701989,"large"
"Catharus_fuscater","birds","resident",94,285125.985840697,"supersmall"
"Catharus_maculatus","birds","resident",118,355423.425592332,"supersmall"
"Celeus_elegans","birds","resident",2131,6510658.29719074,"large"
"Celeus_flavus","birds","resident",2031,6188150.10721356,"large"
"Celeus_lugubris","birds","resident",290,844489.933224772,"small"
"Celeus_occidentalis","birds","resident",1626,4954493.83137568,"large"
"Celeus_spectabilis","birds","resident",173,524733.197153237,"small"
"Celeus_torquatus","birds","resident",553,1698077.16065721,"medium"
"Celeus_undatus","birds","resident",1806,5526825.55083793,"large"
"Cephalopterus_ornatus","birds","resident",1801,5491746.37381358,"large"
"Ceratopipra_chloromeros","birds","resident",154,464041.184023306,"small"
"Ceratopipra_erythrocephala","birds","resident",1130,3467719.87880378,"large"
"Ceratopipra_rubrocapilla","birds","resident",1120,3407580.94722923,"large"
"Cercomacra_cinerascens","birds","resident",2199,6717054.38880759,"large"
"Cercomacra_manu","birds","resident",163,493838.936992906,"small"
"Cercomacra_melanaria","birds","resident",154,453814.478458489,"small"
"Cercomacroides_fuscicauda","birds","resident",349,1059745.35937384,"small"
"Cercomacroides_laeta","birds","resident",126,387317.508701417,"supersmall"
"Cercomacroides_nigrescens","birds","resident",1215,3696634.44175627,"large"
"Cercomacroides_serva","birds","resident",440,1342535.02691332,"medium"
"Cercomacroides_tyrannina","birds","resident",1035,3165966.87776558,"large"
"Certhiasomus_stictolaemus","birds","resident",1045,3202793.95006474,"large"
"Certhiaxis_mustelinus","birds","resident",227,695581.639270963,"small"
"Chaetocercus_bombus","birds","resident",53,162802.462364087,"supersmall"
"Chaetocercus_mulsant","birds","resident",87,264559.413794673,"supersmall"
"Chaetura_brachyura","birds","resident",2450,7468981.28356907,"large"
"Chaetura_chapmani","birds","resident",886,2718406.28762006,"medium"
"Chaetura_cinereiventris","birds","resident",2014,6073087.70873083,"large"
"Chaetura_egregia","birds","resident",580,1749383.05978342,"medium"
"Chaetura_spinicaudus","birds","resident",1025,3145305.8647974,"large"
"Chamaepetes_goudotii","birds","resident",98,299185.41215253,"supersmall"
"Chamaeza_nobilis","birds","resident",844,2580999.68454112,"medium"
"Charadrius_collaris","birds","resident",5062,14953767.2874995,"superlarge"
"Chelidoptera_tenebrosa","birds","resident",2860,8702033.52792648,"superlarge"
"Chionodacryon_speculiferum","birds","resident",67,199858.629332281,"supersmall"
"Chionomesa_bartletti","birds","resident",422,1273211.01662486,"medium"
"Chionomesa_fimbriata","birds","resident",3551,10749545.5571937,"superlarge"
"Chiroxiphia_pareola","birds","resident",1656,5055459.10793779,"large"
"Chlorestes_cyanus","birds","resident",2318,7043292.1642271,"large"
"Chlorestes_notata","birds","resident",1541,4714941.93078873,"large"
"Chloroceryle_aenea","birds","resident",3086,9338335.41453627,"superlarge"
"Chloroceryle_amazona","birds","resident",4773,14209415.1133888,"superlarge"
"Chloroceryle_americana","birds","resident",5747,16972950.556984,"superlarge"
"Chloroceryle_inda","birds","resident",2826,8588134.68756738,"superlarge"
"Chlorophanes_spiza","birds","resident",2606,7922135.14929584,"superlarge"
"Chlorornis_riefferii","birds","resident",100,303706.734327869,"supersmall"
"Chlorospingus_flavigularis","birds","resident",64,195195.683204455,"supersmall"
"Chlorospingus_flavopectus","birds","resident",190,568340.103292865,"small"
"Chlorostilbon_mellisugus","birds","resident",1351,4116550.0424275,"large"
"Chondrohierax_uncinatus","birds","resident",3239,9757328.94088219,"superlarge"
"Chordeiles_nacunda","birds","resident",4115,12280597.4482528,"superlarge"
"Chordeiles_rupestris","birds","resident",536,1640875.97833583,"medium"
"Chrysuronia_oenone","birds","resident",438,1334652.2381189,"medium"
"Chrysuronia_versicolor","birds","resident",2316,6921068.24565699,"large"
"Ciccaba_albitarsis","birds","resident",104,315451.001107688,"supersmall"
"Ciccaba_huhula","birds","resident",2435,7386568.27290118,"large"
"Ciccaba_virgata","birds","resident",3653,10997888.8103765,"superlarge"
"Cinclodes_albiventris","birds","resident",291,854843.450329954,"small"
"Cinclus_leucocephalus","birds","resident",199,603314.508190775,"small"
"Cissopis_leverianus","birds","resident",1799,5396018.58969782,"large"
"Claravis_pretiosa","birds","resident",4316,12994796.8207117,"superlarge"
"Clibanornis_rubiginosus","birds","resident",689,2104986.74073565,"medium"
"Clytoctantes_atrogularis","birds","resident",100,304478.798538301,"supersmall"
"Cnemarchus_erythropygius","birds","resident",60,181334.363187763,"supersmall"
"Cnemotriccus_fuscatus","birds","resident",4072,12234871.1492651,"superlarge"
"Cnipodectes_subbrunneus","birds","resident",634,1942890.52775482,"medium"
"Cnipodectes_superrufus","birds","resident",80,241974.521840424,"supersmall"
"Coccycua_minuta","birds","resident",2882,8768076.27588701,"superlarge"
"Coccyzus_euleri","birds","resident",2994,9010247.30014309,"superlarge"
"Coccyzus_melacoryphus","birds","resident",4864,14475211.568767,"superlarge"
"Cochlearius_cochlearius","birds","resident",3893,11720659.3623238,"superlarge"
"Coeligena_coeligena","birds","resident",119,361077.438393095,"supersmall"
"Coeligena_torquata","birds","resident",94,287711.902669795,"supersmall"
"Coereba_flaveola","birds","resident",3595,10785368.5427834,"superlarge"
"Colaptes_punctigula","birds","resident",1097,3343949.56163465,"large"
"Colaptes_rivolii","birds","resident",151,461662.133690317,"small"
"Colaptes_rupicola","birds","resident",264,774494.667375089,"small"
"Colibri_coruscans","birds","resident",298,892899.155453952,"small"
"Colibri_delphinae","birds","resident",396,1206394.45721002,"small"
"Colonia_colonus","birds","resident",2264,6748231.9831913,"large"
"Columbina_talpacoti","birds","resident",4911,14628905.7310609,"superlarge"
"Conirostrum_albifrons","birds","resident",85,258291.604802446,"supersmall"
"Conirostrum_bicolor","birds","resident",167,511246.948983606,"small"
"Conirostrum_binghami","birds","resident",72,215110.520502561,"supersmall"
"Conirostrum_cinereum","birds","resident",207,621840.021834037,"small"
"Conirostrum_sitticolor","birds","resident",97,295012.092273148,"supersmall"
"Conirostrum_speciosum","birds","resident",2549,7583377.55185317,"superlarge"
"Conopias_cinchoneti","birds","resident",102,311630.775531903,"supersmall"
"Conopias_parvus","birds","resident",1270,3895265.67770602,"large"
"Conopias_trivirgatus","birds","resident",689,2025397.81276724,"medium"
"Conopophaga_aurita","birds","resident",910,2790483.75297464,"medium"
"Conopophaga_melanogaster","birds","resident",302,919456.747527314,"small"
"Conopophaga_peruviana","birds","resident",357,1089000.77968168,"small"
"Conopophaga_snethlageae","birds","resident",192,587882.434528696,"small"
"Contopus_fumigatus","birds","resident",329,995796.391471262,"small"
"Contopus_nigrescens","birds","resident",79,242023.079849007,"supersmall"
"Contopus_punensis","birds","resident",62,189258.968343314,"supersmall"
"Corapipo_gutturalis","birds","resident",362,1111615.66844905,"small"
"Corythopis_torquatus","birds","resident",2168,6627174.64510511,"large"
"Cotinga_cayana","birds","resident",2079,6359541.69805633,"large"
"Cotinga_cotinga","birds","resident",621,1907710.35538673,"medium"
"Cotinga_maynana","birds","resident",832,2542824.80915468,"medium"
"Cranioleuca_antisiensis","birds","resident",50,152386.957140957,"supersmall"
"Cranioleuca_curtata","birds","resident",117,355586.607683405,"supersmall"
"Cranioleuca_vulpecula","birds","resident",113,346249.452926932,"supersmall"
"Cranioleuca_vulpina","birds","resident",1888,5693086.94947325,"large"
"Crax_alector","birds","resident",683,2097329.10420164,"medium"
"Crax_fasciolata","birds","resident",1115,3307603.82389585,"large"
"Crotophaga_ani","birds","resident",4725,14087614.6408117,"superlarge"
"Crotophaga_major","birds","resident",4030,12109575.4001525,"superlarge"
"Cryptopipo_holochlora","birds","resident",106,323671.759867152,"supersmall"
"Crypturellus_atrocapillus","birds","resident",97,291425.736863518,"supersmall"
"Crypturellus_bartletti","birds","resident",524,1595759.87347554,"medium"
"Crypturellus_brevirostris","birds","resident",270,829211.572546568,"small"
"Crypturellus_cinereus","birds","resident",1942,5938234.96910418,"large"
"Crypturellus_duidae","birds","resident",93,285816.449699893,"supersmall"
"Crypturellus_erythropus","birds","resident",395,1208086.79521836,"small"
"Crypturellus_obsoletus","birds","resident",903,2626853.37134705,"medium"
"Crypturellus_parvirostris","birds","resident",2233,6657760.80037046,"large"
"Crypturellus_soui","birds","resident",3677,11155384.1359859,"superlarge"
"Crypturellus_strigulosus","birds","resident",850,2582140.88909899,"medium"
"Crypturellus_undulatus","birds","resident",2829,8544040.41572909,"superlarge"
"Crypturellus_variegatus","birds","resident",1772,5422141.03839771,"large"
"Cyanerpes_caeruleus","birds","resident",2187,6686129.29291118,"large"
"Cyanerpes_cyaneus","birds","resident",2668,8121102.01242343,"superlarge"
"Cyanerpes_nitidus","birds","resident",867,2656172.78505219,"medium"
"Cyanocorax_cayanus","birds","resident",379,1163530.62985541,"small"
"Cyanocorax_cyanomelas","birds","resident",579,1676068.04315806,"medium"
"Cyanocorax_hafferi","birds","resident",63,192436.43761798,"supersmall"
"Cyanocorax_violaceus","birds","resident",1102,3372860.55336823,"large"
"Cyanoloxia_rothschildii","birds","resident",2167,6621668.41029602,"large"
"Cyanolyca_viridicyanus","birds","resident",65,195091.342223316,"supersmall"
"Cyclarhis_gujanensis","birds","resident",4538,13448450.508682,"superlarge"
"Cymbilaimus_lineatus","birds","resident",2189,6684398.7066354,"large"
"Cymbilaimus_sanctaemariae","birds","resident",163,493130.623564261,"small"
"Cyphorhinus_arada","birds","resident",1454,4449035.13888982,"large"
"Cyphos_macrodactylus","birds","resident",1089,3332764.09587098,"large"
"Cypseloides_cherriei","birds","resident",88,267007.807591014,"supersmall"
"Dacnis_albiventris","birds","resident",341,1047500.24906609,"small"
"Dacnis_cayana","birds","resident",3997,12056722.5818014,"superlarge"
"Dacnis_flaviventer","birds","resident",1341,4092946.88413735,"large"
"Dacnis_lineata","birds","resident",1987,6071908.45671129,"large"
"Daptrius_ater","birds","resident",2381,7266913.86775713,"large"
"Deconychura_longicauda","birds","resident",355,1091000.0834597,"small"
"Deconychura_pallida","birds","resident",1544,4707935.4279833,"large"
"Dendrexetastes_rufigula","birds","resident",1201,3665755.8117407,"large"
"Dendrocincla_fuliginosa","birds","resident",2788,8500181.93197025,"superlarge"
"Dendrocincla_merula","birds","resident",1761,5390323.95438489,"large"
"Dendrocincla_tyrannina","birds","resident",103,313977.81274629,"supersmall"
"Dendrocolaptes_certhia","birds","resident",2181,6661737.65837418,"large"
"Dendrocolaptes_hoffmannsi","birds","resident",196,596356.084378654,"small"
"Dendrocolaptes_picumnus","birds","resident",1892,5748970.42930227,"large"
"Dendroma_erythroptera","birds","resident",986,3008547.02132649,"medium"
"Dendroplex_kienerii","birds","resident",127,389670.380663127,"supersmall"
"Dendroplex_picus","birds","resident",3236,9850009.91208202,"superlarge"
"Deroptyus_accipitrinus","birds","resident",1356,4152161.01941705,"large"
"Dichrozona_cincta","birds","resident",1016,3106352.58010937,"large"
"Diglossa_albilatera","birds","resident",77,235997.137764055,"supersmall"
"Diglossa_brunneiventris","birds","resident",104,312539.764708059,"supersmall"
"Diglossa_caerulescens","birds","resident",92,279607.38363718,"supersmall"
"Diglossa_cyanea","birds","resident",117,356119.781137265,"supersmall"
"Diglossa_sittoides","birds","resident",196,588152.169708508,"small"
"Discosura_langsdorffi","birds","resident",653,1991006.3745913,"medium"
"Discosura_longicaudus","birds","resident",704,2153819.53882661,"medium"
"Discosura_popelairii","birds","resident",73,223080.13193822,"supersmall"
"Donacobius_atricapilla","birds","resident",2870,8633729.64986019,"superlarge"
"Doryfera_johannae","birds","resident",151,462891.920239204,"small"
"Doryfera_ludovicae","birds","resident",118,358949.776417662,"supersmall"
"Dromococcyx_pavoninus","birds","resident",1032,3077470.45556529,"large"
"Dromococcyx_phasianellus","birds","resident",3205,9588763.97328503,"superlarge"
"Drymophila_devillei","birds","resident",693,2101456.49016609,"medium"
"Drymophila_striaticeps","birds","resident",62,188888.68449586,"supersmall"
"Elaenia_albiceps","birds","resident",236,714209.469280243,"small"
"Elaenia_chiriquensis","birds","resident",2815,8459077.30212491,"superlarge"
"Elaenia_gigas","birds","resident",151,458667.779783972,"small"
"Elaenia_obscura","birds","resident",108,322891.114698825,"supersmall"
"Elaenia_pallatangae","birds","resident",85,258368.990698641,"supersmall"
"Elaenia_pelzelni","birds","resident",97,297247.352864416,"supersmall"
"Elanoides_forficatus","birds","resident",4173,12566358.3211957,"superlarge"
"Electron_platyrhynchum","birds","resident",934,2841916.55500269,"medium"
"Elliotomyia_chionogaster","birds","resident",165,484975.068777768,"small"
"Empidonomus_varius","birds","resident",2553,7732440.47973788,"superlarge"
"Ensifera_ensifera","birds","resident",128,388804.530641726,"supersmall"
"Entomodestes_leucotis","birds","resident",66,198060.550758054,"supersmall"
"Epinecrophylla_amazonica","birds","resident",253,772057.20064671,"small"
"Epinecrophylla_erythrura","birds","resident",542,1660805.27679566,"medium"
"Epinecrophylla_gutturalis","birds","resident",369,1133554.28172608,"small"
"Epinecrophylla_haematonota","birds","resident",720,2207959.91694027,"medium"
"Epinecrophylla_hoffmannsi","birds","resident",424,1291936.30393515,"medium"
"Epinecrophylla_leucophthalma","birds","resident",689,2097727.43268648,"medium"
"Epinecrophylla_ornata","birds","resident",258,782039.861555037,"small"
"Eubucco_aurantiicollis","birds","resident",493,1499907.27295133,"medium"
"Eubucco_richardsoni","birds","resident",309,949907.478774486,"small"
"Eubucco_tucinkae","birds","resident",57,171998.944070762,"supersmall"
"Euchrepomis_callinota","birds","resident",61,186557.188281535,"supersmall"
"Euchrepomis_humeralis","birds","resident",412,1256054.47938202,"medium"
"Euchrepomis_spodioptila","birds","resident",705,2165447.99899081,"medium"
"Eucometis_penicillata","birds","resident",1900,5726899.03256062,"large"
"Euphonia_cayennensis","birds","resident",416,1277894.15929016,"medium"
"Euphonia_chrysopasta","birds","resident",1790,5474054.15299651,"large"
"Euphonia_laniirostris","birds","resident",1467,4450323.34673453,"large"
"Euphonia_mesochrysa","birds","resident",60,181711.011743509,"supersmall"
"Euphonia_minuta","birds","resident",1687,5147098.54591017,"large"
"Euphonia_rufiventris","birds","resident",1444,4404628.15603897,"large"
"Euphonia_xanthogaster","birds","resident",1221,3719323.8289713,"large"
"Eurypyga_helias","birds","resident",2776,8455078.71196138,"superlarge"
"Eutoxeres_condamini","birds","resident",123,374152.215369672,"supersmall"
"Falco_deiroleucus","birds","resident",1123,3338649.49153586,"large"
"Falco_rufigularis","birds","resident",4443,13372053.2633016,"superlarge"
"Florisuga_mellivora","birds","resident",2654,8094414.72529297,"superlarge"
"Formicarius_analis","birds","resident",1874,5720913.45398047,"large"
"Formicarius_colma","birds","resident",2302,7005878.20604951,"large"
"Formicarius_rufipectus","birds","resident",57,173745.705267521,"supersmall"
"Formicivora_grisea","birds","resident",1654,5029611.83620362,"large"
"Forpus_modestus","birds","resident",943,2879462.19452281,"medium"
"Frederickena_unduliger","birds","resident",566,1731927.57351177,"medium"
"Frederickena_viridis","birds","resident",413,1267996.94874616,"medium"
"Fulica_ardesiaca","birds","resident",195,573381.7338222,"small"
"Fulica_gigantea","birds","resident",181,530808.367540759,"small"
"Furnarius_leucopus","birds","resident",1577,4765924.35129537,"large"
"Furnarius_minor","birds","resident",100,307060.625443995,"supersmall"
"Galbalcyrhynchus_leucotis","birds","resident",153,470166.679595373,"small"
"Galbalcyrhynchus_purusianus","birds","resident",270,820640.807010351,"small"
"Galbula_albirostris","birds","resident",614,1886554.59903393,"medium"
"Galbula_chalcocephala","birds","resident",373,1145157.26411824,"small"
"Galbula_chalcothorax","birds","resident",263,805794.476368912,"small"
"Galbula_cyanescens","birds","resident",388,1181665.14935155,"small"
"Galbula_cyanicollis","birds","resident",881,2690469.7398498,"medium"
"Galbula_dea","birds","resident",1943,5939710.25049465,"large"
"Galbula_galbula","birds","resident",622,1909860.97143487,"medium"
"Galbula_leucogastra","birds","resident",980,2992352.93569177,"medium"
"Galbula_ruficauda","birds","resident",2528,7592180.14952931,"superlarge"
"Galbula_tombacea","birds","resident",313,962178.826003827,"small"
"Gallinago_andina","birds","resident",324,943504.343800431,"small"
"Gallinago_jamesoni","birds","resident",132,398968.08485383,"supersmall"
"Gallinago_paraguaiae","birds","resident",4684,13820258.3021991,"superlarge"
"Gampsonyx_swainsonii","birds","resident",3411,10237289.6562774,"superlarge"
"Geositta_tenuirostris","birds","resident",208,612317.863212614,"small"
"Geospizopsis_plebejus","birds","resident",323,939510.229219176,"small"
"Geotrygon_montana","birds","resident",4411,13276808.0348182,"superlarge"
"Geotrygon_saphirina","birds","resident",181,555072.676021412,"small"
"Geranospiza_caerulescens","birds","resident",4801,14361814.9527294,"superlarge"
"Glaucidium_brasilianum","birds","resident",5431,16051431.1412493,"superlarge"
"Glaucidium_hardyi","birds","resident",1539,4690113.19708138,"large"
"Glaucidium_jardinii","birds","resident",63,192898.563796661,"supersmall"
"Glaucis_hirsutus","birds","resident",2573,7824879.5920019,"superlarge"
"Glyphorynchus_spirurus","birds","resident",2426,7403968.35172444,"large"
"Grallaria_dignissima","birds","resident",125,384264.683656285,"supersmall"
"Grallaria_eludens","birds","resident",126,383519.150125162,"supersmall"
"Grallaria_guatimalensis","birds","resident",375,1132189.0643018,"small"
"Grallaria_rufula","birds","resident",78,237488.296344977,"supersmall"
"Grallaria_squamigera","birds","resident",83,252715.367362613,"supersmall"
"Grallaria_varia","birds","resident",1089,3257928.65165764,"large"
"Grallaricula_flavirostris","birds","resident",81,245815.408793009,"supersmall"
"Granatellus_pelzelni","birds","resident",1142,3488515.03820754,"large"
"Graydidascalus_brachyurus","birds","resident",220,675199.239005956,"small"
"Guaruba_guarouba","birds","resident",276,844782.033679755,"small"
"Gymnoderus_foetidus","birds","resident",1720,5234153.86120718,"large"
"Gymnomystax_mexicanus","birds","resident",512,1568627.4756296,"medium"
"Gymnopithys_leucaspis","birds","resident",336,1032720.62518972,"small"
"Gymnopithys_rufigula","birds","resident",563,1729106.98673196,"medium"
"Habia_rubica","birds","resident",1899,5690383.23086406,"large"
"Haematoderus_militaris","birds","resident",336,1032563.8657783,"small"
"Hafferia_fortis","birds","resident",635,1942598.39983001,"medium"
"Haplophaedia_aureliae","birds","resident",72,220875.635177304,"supersmall"
"Harpagus_bidentatus","birds","resident",2958,8994774.93407275,"superlarge"
"Harpia_harpyja","birds","resident",2567,7812099.92246407,"superlarge"
"Helicolestes_hamatus","birds","resident",774,2368674.41031693,"medium"
"Heliodoxa_aurescens","birds","resident",1178,3600445.40867691,"large"
"Heliodoxa_leadbeateri","birds","resident",132,401139.30418899,"supersmall"
"Heliodoxa_rubinoides","birds","resident",66,201855.78925821,"supersmall"
"Heliodoxa_schreibersii","birds","resident",230,707243.229986611,"small"
"Heliomaster_longirostris","birds","resident",2717,8278356.24176415,"superlarge"
"Heliornis_fulica","birds","resident",2916,8822064.81352385,"superlarge"
"Heliothryx_auritus","birds","resident",2270,6915883.84018734,"large"
"Hellmayrea_gularis","birds","resident",53,162327.166348338,"supersmall"
"Hemithraupis_flavicollis","birds","resident",1843,5617450.86534055,"large"
"Hemithraupis_guira","birds","resident",3114,9359619.90966902,"superlarge"
"Hemitriccus_flammulatus","birds","resident",264,792386.777555025,"small"
"Hemitriccus_granadensis","birds","resident",86,262884.290311156,"supersmall"
"Hemitriccus_griseipectus","birds","resident",874,2659581.45421953,"medium"
"Hemitriccus_iohannis","birds","resident",370,1126811.76270088,"small"
"Hemitriccus_josephinae","birds","resident",215,660749.403516428,"small"
"Hemitriccus_minimus","birds","resident",806,2452435.19471001,"medium"
"Hemitriccus_minor","birds","resident",792,2412969.50092572,"medium"
"Hemitriccus_striaticollis","birds","resident",1330,4015529.89789148,"large"
"Hemitriccus_zosterops","birds","resident",706,2169840.71626075,"medium"
"Henicorhina_leucophrys","birds","resident",219,659634.421791995,"small"
"Henicorhina_leucosticta","birds","resident",902,2751289.81655016,"medium"
"Herpetotheres_cachinnans","birds","resident",4431,13324105.578235,"superlarge"
"Herpsilochmus_axillaris","birds","resident",62,188889.12073388,"supersmall"
"Herpsilochmus_dorsimaculatus","birds","resident",292,897282.584352268,"small"
"Herpsilochmus_dugandi","birds","resident",74,227535.409959583,"supersmall"
"Herpsilochmus_praedictus","birds","resident",112,342734.281656913,"supersmall"
"Herpsilochmus_scapularis","birds","resident",937,2838610.04797255,"medium"
"Herpsilochmus_stotzi","birds","resident",59,179284.577127921,"supersmall"
"Heterocercus_aurantiivertex","birds","resident",75,230400.644608838,"supersmall"
"Heterocercus_flavivertex","birds","resident",267,820775.646166202,"small"
"Heterocercus_linteatus","birds","resident",702,2136111.74503687,"medium"
"Hirundinea_ferruginea","birds","resident",299,915378.727641383,"small"
"Hoploxypterus_cayanus","birds","resident",3797,11458481.8851457,"superlarge"
"Hydropsalis_climacocerca","birds","resident",1910,5831586.11358034,"large"
"Hydropsalis_maculicaudus","birds","resident",1086,3234116.6902284,"large"
"Hylatomus_lineatus","birds","resident",4598,13799668.816305,"superlarge"
"Hylexetastes_perrotii","birds","resident",344,1056800.39223446,"small"
"Hylexetastes_stresemanni","birds","resident",468,1430271.86000993,"medium"
"Hylexetastes_uniformis","birds","resident",597,1813355.07598347,"medium"
"Hylocharis_sapphirina","birds","resident",1784,5405941.84262364,"large"
"Hylopezus_macularius","birds","resident",1195,3663874.21666908,"large"
"Hylophilus_brunneiceps","birds","resident",166,510353.503514718,"small"
"Hylophilus_griseiventris","birds","resident",1039,3175787.73402668,"large"
"Hylophilus_pectoralis","birds","resident",1064,3203815.29509665,"large"
"Hylophilus_semicinereus","birds","resident",1164,3563598.14745279,"large"
"Hylophylax_naevius","birds","resident",1918,5866961.91236885,"large"
"Hylophylax_punctulatus","birds","resident",1021,3124238.25326178,"large"
"Hypocnemis_cantator","birds","resident",314,964416.805314743,"small"
"Hypocnemis_flavescens","birds","resident",169,519192.329229482,"small"
"Hypocnemis_hypoxantha","birds","resident",462,1417706.59274481,"medium"
"Hypocnemis_ochrogyna","birds","resident",149,447488.798689052,"supersmall"
"Hypocnemis_peruviana","birds","resident",616,1883308.81177622,"medium"
"Hypocnemis_striata","birds","resident",360,1100700.54336372,"small"
"Hypocnemis_subflava","birds","resident",119,356820.288715608,"supersmall"
"Hypocnemoides_maculicauda","birds","resident",1102,3340457.49754132,"large"
"Hypocnemoides_melanopogon","birds","resident",1137,3490992.87041685,"large"
"Ibycter_americanus","birds","resident",2651,8081595.52462364,"superlarge"
"Icterus_cayanensis","birds","resident",1346,4103955.63820784,"large"
"Icterus_chrysocephalus","birds","resident",851,2612036.59210564,"medium"
"Icterus_croconotus","birds","resident",1140,3422868.88749829,"large"
"Ictinia_plumbea","birds","resident",3776,11403758.6411471,"superlarge"
"Inezia_inornata","birds","resident",399,1163896.04149418,"small"
"Inezia_subflava","birds","resident",317,971307.289315573,"small"
"Iodopleura_isabellae","birds","resident",1472,4502930.0483828,"large"
"Isleria_guttata","birds","resident",554,1701648.54910736,"medium"
"Isleria_hauxwelli","birds","resident",1386,4227840.42136697,"large"
"Islerothraupis_cristata","birds","resident",2091,6367228.73441227,"large"
"Islerothraupis_luctuosa","birds","resident",2341,7131325.26473755,"large"
"Islerothraupis_rufiventer","birds","resident",243,739571.249390197,"small"
"Jabiru_mycteria","birds","resident",3058,9061032.59484272,"superlarge"
"Jacamerops_aureus","birds","resident",1878,5750797.40841755,"large"
"Jacana_jacana","birds","resident",4676,13899972.6026163,"superlarge"
"Klais_guimeti","birds","resident",152,460363.194471199,"small"
"Knipolegus_poecilocercus","birds","resident",379,1162763.31068698,"small"
"Knipolegus_poecilurus","birds","resident",171,521834.470217786,"small"
"Knipolegus_sclateri","birds","resident",87,267217.741094743,"supersmall"
"Lafresnaya_lafresnayi","birds","resident",103,314293.190770975,"supersmall"
"Lampropsar_tanagrinus","birds","resident",786,2393446.17967471,"medium"
"Lamprospiza_melanoleuca","birds","resident",1108,3386745.0344182,"large"
"Lanio_fulvus","birds","resident",741,2276531.13400853,"medium"
"Lanio_versicolor","birds","resident",921,2803686.22187098,"medium"
"Laniocera_hypopyrra","birds","resident",2175,6646797.66648861,"large"
"Laterallus_exilis","birds","resident",2177,6573342.19508049,"large"
"Laterallus_melanophaius","birds","resident",3428,10165324.452247,"superlarge"
"Lathrotriccus_euleri","birds","resident",2760,8336213.38693515,"superlarge"
"Legatus_leucophaius","birds","resident",3611,10875671.2777649,"superlarge"
"Leistes_militaris","birds","resident",1200,3670491.85826793,"large"
"Lepidocolaptes_albolineatus","birds","resident",400,1228552.19004253,"small"
"Lepidocolaptes_duidae","birds","resident",441,1354510.59157954,"medium"
"Lepidocolaptes_fatimalimae","birds","resident",548,1662378.91966648,"medium"
"Lepidocolaptes_fuscicapillus","birds","resident",714,2170530.96068578,"medium"
"Lepidocolaptes_lacrymiger","birds","resident",110,334658.148616053,"supersmall"
"Lepidothrix_coronata","birds","resident",1145,3502333.72872026,"large"
"Lepidothrix_iris","birds","resident",173,529472.064166745,"small"
"Lepidothrix_nattereri","birds","resident",287,869550.694220061,"small"
"Lepidothrix_serena","birds","resident",190,584153.463928073,"small"
"Leptasthenura_andicola","birds","resident",78,235840.533918581,"supersmall"
"Leptasthenura_striata","birds","resident",59,175989.447338,"supersmall"
"Leptodon_cayanensis","birds","resident",4017,12085973.4395052,"superlarge"
"Leptopogon_amaurocephalus","birds","resident",2711,8066595.92806655,"superlarge"
"Leptopogon_superciliaris","birds","resident",145,443291.904899205,"supersmall"
"Leptotila_megalura","birds","resident",50,142928.319257459,"supersmall"
"Leptotila_rufaxilla","birds","resident",3889,11673100.924633,"superlarge"
"Leptotila_verreauxi","birds","resident",5236,15554327.465868,"superlarge"
"Lesbia_nuna","birds","resident",82,249305.988986671,"supersmall"
"Lesbia_victoriae","birds","resident",61,185301.137563112,"supersmall"
"Leucopternis_kuhli","birds","resident",777,2368658.74157736,"medium"
"Leucopternis_melanops","birds","resident",835,2565347.55364882,"medium"
"Liosceles_thoracicus","birds","resident",743,2269972.69636947,"medium"
"Lipaugus_vociferans","birds","resident",2310,7048175.44653147,"large"
"Lophornis_delattrei","birds","resident",71,213760.234375393,"supersmall"
"Lophornis_gouldii","birds","resident",523,1588510.98866057,"medium"
"Lophornis_verreauxii","birds","resident",909,2777453.8451132,"medium"
"Lophostrix_cristata","birds","resident",1653,5036946.32729973,"large"
"Lophotriccus_eulophotes","birds","resident",108,327765.971585414,"supersmall"
"Lophotriccus_galeatus","birds","resident",935,2870867.04652644,"medium"
"Lophotriccus_pileatus","birds","resident",146,444338.766985927,"supersmall"
"Lophotriccus_vitiosus","birds","resident",715,2194827.67579987,"medium"
"Lurocalis_rufiventris","birds","resident",100,303055.158506366,"supersmall"
"Lurocalis_semitorquatus","birds","resident",2978,8971314.69275775,"superlarge"
"Machaeropterus_pyrocephalus","birds","resident",730,2206891.5298766,"medium"
"Machaeropterus_striolatus","birds","resident",670,2055240.60274562,"medium"
"Malacoptila_fusca","birds","resident",620,1904066.90654613,"medium"
"Malacoptila_rufa","birds","resident",856,2610333.10832614,"medium"
"Malacoptila_semicincta","birds","resident",210,638084.282284976,"small"
"Manacus_manacus","birds","resident",2487,7545468.80398955,"large"
"Margarornis_squamiger","birds","resident",152,462816.949681208,"small"
"Maschalethraupis_surinama","birds","resident",1813,5555891.29335503,"large"
"Mazaria_propinqua","birds","resident",170,520796.502017998,"small"
"Mecocerculus_leucophrys","birds","resident",289,870083.720295601,"small"
"Mecocerculus_poecilocercus","birds","resident",50,152605.476615092,"supersmall"
"Mecocerculus_stictopterus","birds","resident",89,270925.604490323,"supersmall"
"Megaceryle_torquata","birds","resident",5604,16210521.3710969,"superlarge"
"Megarynchus_pitangua","birds","resident",4410,13247383.7977747,"superlarge"
"Megascops_albogularis","birds","resident",74,225767.928967292,"supersmall"
"Megascops_choliba","birds","resident",4398,13062500.5160941,"superlarge"
"Megascops_ingens","birds","resident",86,261065.284971259,"supersmall"
"Megascops_koepckeae","birds","resident",52,156962.128606033,"supersmall"
"Megascops_vermiculatus","birds","resident",132,401947.598443834,"supersmall"
"Megascops_watsonii","birds","resident",2074,6328064.18831092,"large"
"Megastictus_margaritatus","birds","resident",623,1908491.30398473,"medium"
"Melanerpes_cruentatus","birds","resident",2374,7243877.31695877,"large"
"Merganetta_armata","birds","resident",404,1079472.69612514,"medium"
"Mesembrinibis_cayennensis","birds","resident",3513,10572453.3915826,"superlarge"
"Metallura_tyrianthina","birds","resident",144,436652.808473676,"supersmall"
"Metopothrix_aurantiaca","birds","resident",70,214541.548679384,"supersmall"
"Metriopelia_ceciliae","birds","resident",164,488213.058659515,"small"
"Micrastur_buckleyi","birds","resident",202,617901.396578474,"small"
"Micrastur_gilvicollis","birds","resident",1385,4240933.25051171,"large"
"Micrastur_mintoni","birds","resident",690,2098355.73230519,"medium"
"Micrastur_mirandollei","birds","resident",1720,5265922.40558515,"large"
"Micrastur_ruficollis","birds","resident",4158,12501759.7971249,"superlarge"
"Micrastur_semitorquatus","birds","resident",4394,13196913.4513856,"superlarge"
"Microbates_cinereiventris","birds","resident",175,535582.231104987,"small"
"Microbates_collaris","birds","resident",769,2364124.39610868,"medium"
"Microcerculus_bambla","birds","resident",553,1697978.39965053,"medium"
"Microcerculus_marginatus","birds","resident",1560,4757761.28374407,"large"
"Micromonacha_lanceolata","birds","resident",536,1640442.33651996,"medium"
"Microrhopias_quixensis","birds","resident",1345,4096732.67281855,"large"
"Microxenops_milleri","birds","resident",1158,3547884.02089856,"large"
"Milvago_chimachima","birds","resident",4561,13622794.1190531,"superlarge"
"Mimus_dorsalis","birds","resident",57,164572.630200858,"supersmall"
"Mionectes_galbinus","birds","resident",234,713107.473073033,"small"
"Mionectes_macconnelli","birds","resident",850,2601570.50165321,"medium"
"Mionectes_oleagineus","birds","resident",2950,8974961.18243694,"superlarge"
"Mionectes_striaticollis","birds","resident",100,303594.063025347,"supersmall"
"Mitu_salvini","birds","resident",159,488868.13995124,"small"
"Mitu_tomentosum","birds","resident",463,1421932.24227384,"medium"
"Mitu_tuberosum","birds","resident",1425,4329320.17005023,"large"
"Molothrus_oryzivorus","birds","resident",3608,10874018.0152076,"superlarge"
"Momotus_momota","birds","resident",2667,8096242.79304032,"superlarge"
"Monasa_atra","birds","resident",564,1731640.93654943,"medium"
"Monasa_flavirostris","birds","resident",254,775084.253985948,"small"
"Monasa_morphoeus","birds","resident",1709,5206039.51369091,"large"
"Monasa_nigrifrons","birds","resident",2311,7002151.03847238,"large"
"Morphnus_guianensis","birds","resident",3886,11712903.869907,"superlarge"
"Muscisaxicola_albifrons","birds","resident",94,279712.118955423,"supersmall"
"Muscisaxicola_fluviatilis","birds","resident",409,1235116.62840957,"medium"
"Muscisaxicola_griseus","birds","resident",100,299252.271693854,"supersmall"
"Muscisaxicola_juninensis","birds","resident",176,514824.745382662,"small"
"Muscisaxicola_occipitalis","birds","resident",104,310537.586810462,"supersmall"
"Myadestes_ralloides","birds","resident",153,464162.364537548,"small"
"Mycteria_americana","birds","resident",4886,14507588.1419029,"superlarge"
"Myiarchus_cephalotes","birds","resident",96,291578.072020439,"supersmall"
"Myiarchus_ferox","birds","resident",3941,11864434.2400434,"superlarge"
"Myiarchus_swainsoni","birds","resident",1698,5190981.81340455,"large"
"Myiarchus_tuberculifer","birds","resident",3412,10329839.2474861,"superlarge"
"Myiobius_atricaudus","birds","resident",1611,4893290.48523773,"large"
"Myiobius_barbatus","birds","resident",2043,6234349.3582801,"large"
"Myiobius_villosus","birds","resident",84,255370.1790756,"supersmall"
"Myioborus_melanocephalus","birds","resident",60,181652.859598386,"supersmall"
"Myiodynastes_chrysocephalus","birds","resident",61,182729.236312396,"supersmall"
"Myiodynastes_maculatus","birds","resident",1390,4262817.39100702,"large"
"Myiodynastes_solitarius","birds","resident",2035,6133589.85025702,"large"
"Myiopagis_cinerea","birds","resident",1938,5906970.36129594,"large"
"Myiopagis_flavivertex","birds","resident",433,1327749.8693536,"medium"
"Myiopagis_gaimardii","birds","resident",2858,8688447.59722572,"superlarge"
"Myiophobus_flavicans","birds","resident",77,235275.739656338,"supersmall"
"Myiornis_ecaudatus","birds","resident",2116,6457001.64105025,"large"
"Myiotheretes_fumigatus","birds","resident",64,195915.00149342,"supersmall"
"Myiotheretes_striaticollis","birds","resident",212,634404.333012832,"small"
"Myiothlypis_coronata","birds","resident",135,410655.921503998,"supersmall"
"Myiothlypis_fulvicauda","birds","resident",809,2470618.0376119,"medium"
"Myiothlypis_mesoleuca","birds","resident",1032,3155590.40878783,"large"
"Myiothlypis_signata","birds","resident",51,150085.11774544,"supersmall"
"Myiozetetes_cayanensis","birds","resident",2493,7556087.66089607,"large"
"Myiozetetes_granadensis","birds","resident",1084,3306721.00923053,"large"
"Myiozetetes_luteiventris","birds","resident",1293,3957963.47041224,"large"
"Myiozetetes_similis","birds","resident",3406,10245296.9115006,"superlarge"
"Myrmelastes_humaythae","birds","resident",119,364148.391128364,"supersmall"
"Myrmelastes_hyperythrus","birds","resident",536,1633499.18895916,"medium"
"Myrmelastes_leucostigma","birds","resident",964,2958855.7264209,"medium"
"Myrmelastes_rufifacies","birds","resident",153,468521.236112457,"small"
"Myrmelastes_schistaceus","birds","resident",168,514941.930774849,"small"
"Myrmoborus_leucophrys","birds","resident",1687,5140599.23472691,"large"
"Myrmoborus_lophotes","birds","resident",66,199321.053101942,"supersmall"
"Myrmoborus_lugubris","birds","resident",65,199645.702426148,"supersmall"
"Myrmoborus_myotherinus","birds","resident",1569,4783803.56361478,"large"
"Myrmochanes_hemileucus","birds","resident",87,266255.657819499,"supersmall"
"Myrmoderus_ferrugineus","birds","resident",424,1301281.04719128,"medium"
"Myrmophylax_atrothorax","birds","resident",2230,6802811.89958351,"large"
"Myrmornis_torquata","birds","resident",982,3011528.09001587,"medium"
"Myrmothera_berlepschi","birds","resident",474,1435456.63360451,"medium"
"Myrmothera_campanisona","birds","resident",1330,4075309.33585585,"large"
"Myrmothera_fulviventris","birds","resident",83,255118.485293004,"supersmall"
"Myrmothera_subcanescens","birds","resident",287,876732.176224909,"small"
"Myrmotherula_ambigua","birds","resident",80,246121.3615,"supersmall"
"Myrmotherula_assimilis","birds","resident",139,425381.427143924,"supersmall"
"Myrmotherula_axillaris","birds","resident",2538,7743811.48603241,"superlarge"
"Myrmotherula_brachyura","birds","resident",2025,6189056.37536467,"large"
"Myrmotherula_cherriei","birds","resident",220,675983.743532396,"small"
"Myrmotherula_ignota","birds","resident",506,1553442.53130887,"medium"
"Myrmotherula_iheringi","birds","resident",378,1152355.05609146,"small"
"Myrmotherula_longipennis","birds","resident",1672,5123256.62150227,"large"
"Myrmotherula_menetriesii","birds","resident",2079,6358183.19995451,"large"
"Myrmotherula_multostriata","birds","resident",1509,4606220.54413376,"large"
"Myrmotherula_sclateri","birds","resident",868,2642451.7370083,"medium"
"Myrmotherula_sunensis","birds","resident",58,178263.949310888,"supersmall"
"Myrmotherula_surinamensis","birds","resident",516,1583931.6343007,"medium"
"Myrtis_fanny","birds","resident",83,250636.67251602,"supersmall"
"Nannopsittaca_dachilleae","birds","resident",51,153614.123155886,"supersmall"
"Nannopterum_brasilianum","birds","resident",6244,17954211.9257532,"superlarge"
"Nasica_longirostris","birds","resident",1773,5414498.42352816,"large"
"Nemosia_pileata","birds","resident",2995,8994296.08157721,"superlarge"
"Neochen_jubata","birds","resident",2615,7938021.38010484,"superlarge"
"Neoctantes_niger","birds","resident",437,1340133.71337151,"medium"
"Neomorphus_geoffroyi","birds","resident",1061,3228753.42609999,"large"
"Neomorphus_pucheranii","birds","resident",368,1128819.84586128,"small"
"Neopelma_chrysocephalum","birds","resident",233,715084.383486485,"small"
"Neopelma_sulphureiventer","birds","resident",384,1158360.60887098,"small"
"Neopipo_cinnamomea","birds","resident",1171,3585226.50893433,"large"
"Nonnula_brunnea","birds","resident",84,258080.21457253,"supersmall"
"Nonnula_rubecula","birds","resident",1802,5419182.9731288,"large"
"Nonnula_ruficapilla","birds","resident",929,2823836.33207933,"medium"
"Nonnula_sclateri","birds","resident",212,645619.07424235,"small"
"Notharchus_hyperrhynchus","birds","resident",1733,5263877.95309376,"large"
"Notharchus_macrorhynchos","birds","resident",285,875197.16019526,"small"
"Notharchus_ordii","birds","resident",167,511002.685969642,"small"
"Notharchus_tectus","birds","resident",1651,5052662.75319034,"large"
"Nothocercus_nigrocapillus","birds","resident",67,201294.578018653,"supersmall"
"Nothocrax_urumutum","birds","resident",658,2019720.36811485,"medium"
"Nothoprocta_ornata","birds","resident",263,765733.288378892,"small"
"Nyctibius_aethereus","birds","resident",1647,4986805.64661918,"large"
"Nyctibius_grandis","birds","resident",2785,8460332.37613157,"superlarge"
"Nyctibius_griseus","birds","resident",4619,13804369.7728441,"superlarge"
"Nyctibius_leucopterus","birds","resident",1096,3355535.17342735,"large"
"Nyctidromus_albicollis","birds","resident",4591,13779002.1453103,"superlarge"
"Nyctiphrynus_ocellatus","birds","resident",1142,3403553.70837487,"large"
"Nyctipolus_nigrescens","birds","resident",1355,4152333.75090018,"large"
"Nyctiprogne_leucopyga","birds","resident",1722,5249891.31441555,"large"
"Nystactes_tamatia","birds","resident",1426,4363224.10870457,"large"
"Nystalus_striolatus","birds","resident",964,2922110.95999079,"medium"
"Ochthoeca_fumicolor","birds","resident",81,246310.300560728,"supersmall"
"Ochthoeca_leucophrys","birds","resident",269,781210.000130411,"small"
"Ochthoeca_oenanthoides","birds","resident",207,605614.264891204,"small"
"Ochthoeca_rufipectoralis","birds","resident",108,328321.669262921,"supersmall"
"Ochthornis_littoralis","birds","resident",1495,4570670.27111385,"large"
"Ocreatus_underwoodii","birds","resident",119,362133.614877661,"supersmall"
"Odontophorus_gujanensis","birds","resident",2528,7712649.14679804,"superlarge"
"Odontophorus_speciosus","birds","resident",144,433164.159346193,"supersmall"
"Odontophorus_stellatus","birds","resident",563,1712551.49262517,"medium"
"Odontorchilus_cinereus","birds","resident",354,1073499.07512088,"small"
"Oneillornis_lunulatus","birds","resident",93,285302.763971615,"supersmall"
"Oneillornis_salvini","birds","resident",444,1351198.97886419,"medium"
"Onychorhynchus_coronatus","birds","resident",1956,5983424.596227,"large"
"Opisthocomus_hoazin","birds","resident",2473,7548487.44105326,"large"
"Ornithion_inerme","birds","resident",2195,6702862.11376889,"large"
"Orochelidon_andecola","birds","resident",171,503302.442451077,"small"
"Orochelidon_murina","birds","resident",139,421077.457869978,"supersmall"
"Ortalis_guttata","birds","resident",1459,4433463.38911885,"large"
"Ortalis_motmot","birds","resident",698,2142216.68381615,"medium"
"Orthopsittaca_manilatus","birds","resident",2357,7167842.40793426,"large"
"Pachyramphus_albogriseus","birds","resident",105,321115.074253123,"supersmall"
"Pachyramphus_castaneus","birds","resident",1930,5778984.68658931,"large"
"Pachyramphus_marginatus","birds","resident",2083,6348916.53441923,"large"
"Pachyramphus_minor","birds","resident",2265,6911188.88659897,"large"
"Pachyramphus_polychopterus","birds","resident",4681,13941003.836055,"superlarge"
"Pachyramphus_rufus","birds","resident",1303,3990556.86895786,"large"
"Pachyramphus_surinamus","birds","resident",227,697819.254482445,"small"
"Pachyramphus_versicolor","birds","resident",88,269021.180101768,"supersmall"
"Pachysylvia_hypoxantha","birds","resident",1296,3956490.05180909,"large"
"Pachysylvia_muscicapina","birds","resident",780,2379826.75470549,"medium"
"Panyptila_cayennensis","birds","resident",2809,8554653.03773188,"superlarge"
"Paraclaravis_mondetoura","birds","resident",99,297480.463792652,"supersmall"
"Parkerthraustes_humeralis","birds","resident",631,1921187.70765567,"medium"
"Paroaria_gularis","birds","resident",1460,4451146.62450096,"large"
"Patagioenas_albilinea","birds","resident",345,1034422.82408971,"small"
"Patagioenas_albipennis","birds","resident",201,592819.503069037,"small"
"Patagioenas_cayennensis","birds","resident",4635,13862855.8143551,"superlarge"
"Patagioenas_plumbea","birds","resident",2162,6531238.14203513,"large"
"Patagioenas_speciosa","birds","resident",3205,9702970.50573181,"superlarge"
"Patagioenas_subvinacea","birds","resident",2797,8529898.32583642,"superlarge"
"Penelope_jacquacu","birds","resident",1637,4992177.9824521,"large"
"Penelope_marail","birds","resident",397,1218916.6261856,"small"
"Penelope_montagnii","birds","resident",118,358277.771303645,"supersmall"
"Penelope_pileata","birds","resident",295,903690.454558743,"small"
"Percnostola_rufifrons","birds","resident",366,1125110.5744887,"small"
"Perissocephalus_tricolor","birds","resident",540,1658764.41187857,"medium"
"Phacellodomus_striaticeps","birds","resident",102,294940.732310521,"supersmall"
"Phaeomyias_murina","birds","resident",3580,10786848.9055932,"superlarge"
"Phaethornis_aethopygus","birds","resident",57,174304.932013116,"supersmall"
"Phaethornis_atrimentalis","birds","resident",269,825517.556219199,"small"
"Phaethornis_bourcieri","birds","resident",974,2990116.41001816,"medium"
"Phaethornis_griseogularis","birds","resident",113,346565.199840101,"supersmall"
"Phaethornis_guy","birds","resident",173,527132.026491834,"small"
"Phaethornis_hispidus","birds","resident",1320,4013456.97203666,"large"
"Phaethornis_major","birds","resident",132,403631.161155391,"supersmall"
"Phaethornis_malaris","birds","resident",1239,3780570.04510708,"large"
"Phaethornis_philippii","birds","resident",520,1585720.4767003,"medium"
"Phaethornis_ruber","birds","resident",3219,9757902.03724122,"superlarge"
"Phaethornis_rupurumii","birds","resident",180,552157.962854354,"small"
"Phaethornis_stuarti","birds","resident",51,152332.128086915,"supersmall"
"Phaethornis_subochraceus","birds","resident",111,326966.381257259,"supersmall"
"Phaethornis_superciliosus","birds","resident",838,2571649.3884446,"medium"
"Phaetusa_simplex","birds","resident",4482,13325870.1634843,"superlarge"
"Pharomachrus_antisianus","birds","resident",137,415689.691673859,"supersmall"
"Pharomachrus_auriceps","birds","resident",158,480835.908612927,"small"
"Pharomachrus_pavoninus","birds","resident",1225,3750044.91805513,"large"
"Pheucticus_aureoventris","birds","resident",281,809427.87709458,"small"
"Pheucticus_chrysogaster","birds","resident",171,518300.989150787,"small"
"Pheugopedius_coraya","birds","resident",1245,3822018.42746227,"large"
"Pheugopedius_genibarbis","birds","resident",2087,6314754.47483296,"large"
"Philohydor_lictor","birds","resident",3023,9192593.86596146,"superlarge"
"Philydor_erythrocercum","birds","resident",1774,5412897.16704257,"large"
"Philydor_pyrrhodes","birds","resident",1922,5882144.12952577,"large"
"Phlegopsis_borbae","birds","resident",75,229608.577649666,"supersmall"
"Phlegopsis_erythroptera","birds","resident",680,2084612.72519795,"medium"
"Phlegopsis_nigromaculata","birds","resident",1280,3900997.49890297,"large"
"Phoenicircus_carnifex","birds","resident",455,1398153.23951549,"medium"
"Phoenicircus_nigricollis","birds","resident",856,2622854.61217538,"medium"
"Phrygilus_punensis","birds","resident",103,309220.936479189,"supersmall"
"Phyllaemulor_bracteatus","birds","resident",1663,5096037.46473959,"large"
"Phyllomyias_nigrocapillus","birds","resident",85,259728.572235232,"supersmall"
"Phyllomyias_uropygialis","birds","resident",72,216940.981650131,"supersmall"
"Piaya_cayana","birds","resident",4505,13469778.9569602,"superlarge"
"Piaya_melanogaster","birds","resident",1580,4836982.84056173,"large"
"Piculus_chrysochloros","birds","resident",2840,8606848.52759009,"superlarge"
"Piculus_flavigula","birds","resident",2125,6473015.50953781,"large"
"Piculus_leucolaemus","birds","resident",290,879311.151185902,"small"
"Picumnus_aurifrons","birds","resident",989,3004906.95795294,"medium"
"Picumnus_lafresnayi","birds","resident",253,776099.51613736,"small"
"Picumnus_pumilus","birds","resident",69,212223.272804054,"supersmall"
"Picumnus_rufiventris","birds","resident",380,1155309.29650247,"small"
"Picumnus_varzeae","birds","resident",61,187537.323232222,"supersmall"
"Pilherodius_pileatus","birds","resident",3390,10259675.4930078,"superlarge"
"Pionites_leucogaster","birds","resident",650,1979476.6852027,"medium"
"Pionites_melanocephalus","birds","resident",951,2921202.11485629,"medium"
"Pionites_xanthomerius","birds","resident",374,1131127.75696441,"small"
"Pionites_xanthurus","birds","resident",125,382361.874166746,"supersmall"
"Pionus_fuscus","birds","resident",609,1870233.39251847,"medium"
"Pionus_menstruus","birds","resident",2763,8416947.10571287,"superlarge"
"Pipile_cujubi","birds","resident",835,2523420.54918219,"medium"
"Pipile_cumanensis","birds","resident",1021,3128273.62238936,"large"
"Pipile_grayi","birds","resident",315,933699.87931018,"small"
"Pipra_aureola","birds","resident",221,677521.971904583,"small"
"Pipra_fasciicauda","birds","resident",1602,4775234.94185841,"large"
"Pipra_filicauda","birds","resident",853,2617298.44638274,"medium"
"Pipraeidea_darwinii","birds","resident",151,453589.154572199,"small"
"Pipreola_arcuata","birds","resident",81,246122.485035519,"supersmall"
"Pipreola_riefferii","birds","resident",82,251200.115023442,"supersmall"
"Piprites_chloris","birds","resident",2329,7072205.44851418,"large"
"Piranga_leucoptera","birds","resident",176,527929.898832823,"small"
"Pitangus_sulphuratus","birds","resident",5498,16124396.9466391,"superlarge"
"Pithys_albifrons","birds","resident",1010,3100982.43220479,"large"
"Platyrinchus_albogularis","birds","resident",226,686835.918815357,"small"
"Platyrinchus_coronatus","birds","resident",1694,5181183.70350851,"large"
"Platyrinchus_platyrhynchos","birds","resident",1812,5544771.21724054,"large"
"Platyrinchus_saturatus","birds","resident",985,3021642.7545973,"medium"
"Plegadis_ridgwayi","birds","resident",168,495488.525760576,"small"
"Poecilotriccus_calopterus","birds","resident",67,206050.072757141,"supersmall"
"Poecilotriccus_capitalis","birds","resident",169,518269.16890449,"small"
"Poecilotriccus_fumifrons","birds","resident",674,2063038.55652841,"medium"
"Poecilotriccus_latirostris","birds","resident",1549,4668846.618901,"large"
"Pogonotriccus_ophthalmicus","birds","resident",54,164408.350411861,"supersmall"
"Pogonotriccus_poecilotis","birds","resident",64,194857.037269378,"supersmall"
"Polioptila_guianensis","birds","resident",1109,3390732.28856107,"large"
"Polioptila_plumbea","birds","resident",2483,7561413.37180641,"large"
"Polioxolmis_rufipennis","birds","resident",133,394987.111807912,"supersmall"
"Polyonymus_caroli","birds","resident",52,156397.684053073,"supersmall"
"Polytmus_theresiae","birds","resident",635,1949230.77653298,"medium"
"Porphyrio_flavirostris","birds","resident",1751,5254991.47841041,"large"
"Porphyrio_martinicus","birds","resident",5336,15864458.3112145,"superlarge"
"Porphyrolaema_porphyrolaema","birds","resident",711,2172925.01241339,"medium"
"Porzana_fasciata","birds","resident",418,1279916.84198746,"medium"
"Premnoplex_brunnescens","birds","resident",125,379448.791031328,"supersmall"
"Premnornis_guttuliger","birds","resident",85,259179.20181516,"supersmall"
"Primolius_auricollis","birds","resident",280,827011.969387768,"small"
"Primolius_couloni","birds","resident",241,729676.654650099,"small"
"Progne_chalybea","birds","resident",4414,13294966.0082754,"superlarge"
"Psarocolius_angustifrons","birds","resident",720,2197730.58580604,"medium"
"Psarocolius_bifasciatus","birds","resident",1894,5777087.93809566,"large"
"Psarocolius_decumanus","birds","resident",3474,10466806.8578086,"superlarge"
"Psarocolius_viridis","birds","resident",1648,5054348.84233681,"large"
"Pseudastur_albicollis","birds","resident",2801,8514375.43424567,"superlarge"
"Pseudocolaptes_boissonneauii","birds","resident",123,374014.690372538,"supersmall"
"Pseudocolopteryx_acutipennis","birds","resident",173,497251.436365331,"small"
"Pseudopipra_pipra","birds","resident",1611,4935652.85605344,"large"
"Pseudoseisura_unirufa","birds","resident",146,429589.467766614,"supersmall"
"Pseudotriccus_ruficeps","birds","resident",57,172830.860608257,"supersmall"
"Psittacara_leucophthalmus","birds","resident",2951,8758145.28396623,"superlarge"
"Psittacara_mitratus","birds","resident",88,256517.586994866,"supersmall"
"Psophia_crepitans","birds","resident",883,2712553.83601733,"medium"
"Psophia_dextralis","birds","resident",328,1000766.03816822,"small"
"Psophia_leucoptera","birds","resident",507,1541155.86193327,"medium"
"Psophia_ochroptera","birds","resident",55,169109.397306012,"supersmall"
"Psophia_viridis","birds","resident",212,644711.097605462,"small"
"Pteroglossus_aracari","birds","resident",1101,3331778.96072522,"large"
"Pteroglossus_azara","birds","resident",1115,3410782.05947001,"large"
"Pteroglossus_beauharnaisii","birds","resident",602,1829391.00735584,"medium"
"Pteroglossus_bitorquatus","birds","resident",307,940758.062147241,"small"
"Pteroglossus_castanotis","birds","resident",1689,5068314.80965914,"large"
"Pteroglossus_humboldti","birds","resident",639,1952089.82872845,"medium"
"Pteroglossus_inscriptus","birds","resident",980,2975878.78497495,"medium"
"Pteroglossus_pluricinctus","birds","resident",534,1641433.23275825,"medium"
"Pteroglossus_sturmii","birds","resident",489,1480659.58979315,"medium"
"Pteroglossus_viridis","birds","resident",505,1550596.99875718,"medium"
"Pterophanes_cyanopterus","birds","resident",70,212730.479885214,"supersmall"
"Pulsatrix_melanota","birds","resident",50,151687.846070116,"supersmall"
"Pulsatrix_perspicillata","birds","resident",4210,12681142.6424191,"superlarge"
"Pygiptila_stellaris","birds","resident",1535,4697380.91053895,"large"
"Pygochelidon_melanoleuca","birds","resident",698,2129592.57919586,"medium"
"Pyriglena_leuconota","birds","resident",655,1976487.41139846,"medium"
"Pyrilia_aurantiocephala","birds","resident",113,345421.1587061,"supersmall"
"Pyrilia_barrabandi","birds","resident",1264,3862788.98785306,"large"
"Pyrilia_caica","birds","resident",416,1277438.40139794,"medium"
"Pyrilia_vulturina","birds","resident",287,879551.959099298,"small"
"Pyrrhomyias_cinnamomeus","birds","resident",172,517471.751573911,"small"
"Pyrrhura_amazonum","birds","resident",205,627065.367350731,"small"
"Pyrrhura_lepida","birds","resident",294,898544.275307194,"small"
"Pyrrhura_melanura","birds","resident",486,1493009.33083917,"medium"
"Pyrrhura_molinae","birds","resident",231,677765.927912474,"small"
"Pyrrhura_perlata","birds","resident",457,1383450.18880422,"medium"
"Pyrrhura_picta","birds","resident",479,1470641.11022448,"medium"
"Pyrrhura_roseifrons","birds","resident",206,624764.049880344,"small"
"Pyrrhura_rupicola","birds","resident",176,531432.135003748,"small"
"Pyrrhura_snethlageae","birds","resident",237,718099.37212233,"small"
"Querula_purpurata","birds","resident",1851,5651601.60253346,"large"
"Ramphastos_ariel","birds","resident",854,2585424.55877131,"medium"
"Ramphastos_culminatus","birds","resident",1802,5471016.81012088,"large"
"Ramphastos_cuvieri","birds","resident",1648,5014917.82408977,"large"
"Ramphastos_tucanus","birds","resident",771,2365112.46722885,"medium"
"Ramphastos_vitellinus","birds","resident",566,1737548.16064123,"medium"
"Ramphocaenus_melanurus","birds","resident",3023,9189487.21580809,"superlarge"
"Ramphocelus_carbo","birds","resident",3474,10507035.6812197,"superlarge"
"Ramphocelus_nigrogularis","birds","resident",683,2089004.29675312,"medium"
"Ramphomicron_microrhynchum","birds","resident",63,192019.926566276,"supersmall"
"Ramphotrigon_fuscicauda","birds","resident",152,459687.076265423,"small"
"Ramphotrigon_megacephalum","birds","resident",757,2277725.03359161,"medium"
"Ramphotrigon_ruficauda","birds","resident",2210,6750663.49448176,"large"
"Rhegmatorhina_cristata","birds","resident",85,261508.292469774,"supersmall"
"Rhegmatorhina_gymnops","birds","resident",97,296754.346721972,"supersmall"
"Rhegmatorhina_hoffmannsi","birds","resident",258,782056.963143542,"small"
"Rhegmatorhina_melanosticta","birds","resident",622,1899158.72808014,"medium"
"Rhynchocyclus_aequinoctialis","birds","resident",927,2824428.56187453,"medium"
"Rhynchocyclus_fulvipectus","birds","resident",63,190179.674680604,"supersmall"
"Rhynchocyclus_olivaceus","birds","resident",921,2814957.37537774,"medium"
"Rhytipterna_immunda","birds","resident",471,1431280.94357514,"medium"
"Rhytipterna_simplex","birds","resident",2424,7388185.8844349,"large"
"Rostrhamus_sociabilis","birds","resident",3591,10686601.1968506,"superlarge"
"Rufirallus_castaneiceps","birds","resident",194,592913.824193219,"small"
"Rufirallus_viridis","birds","resident",2036,6168385.32490058,"large"
"Rupicola_peruvianus","birds","resident",70,212919.886826484,"supersmall"
"Rupicola_rupicola","birds","resident",663,2036161.05711004,"medium"
"Rupornis_magnirostris","birds","resident",5075,15065064.411954,"superlarge"
"Rynchops_niger","birds","resident",4635,13720227.9110277,"superlarge"
"Sakesphorus_luctuosus","birds","resident",530,1619201.04114029,"medium"
"Saltator_coerulescens","birds","resident",3087,9189718.71357272,"superlarge"
"Saltator_grossus","birds","resident",2046,6259901.01550472,"large"
"Saltator_maximus","birds","resident",3151,9576467.29703979,"superlarge"
"Sarcoramphus_papa","birds","resident",4712,14124747.2238861,"superlarge"
"Sarkidiornis_sylvicola","birds","resident",3273,9683435.15906148,"superlarge"
"Schiffornis_major","birds","resident",1029,3146742.98385461,"large"
"Schiffornis_olivacea","birds","resident",451,1384875.59565285,"medium"
"Schiffornis_turdina","birds","resident",1837,5592477.25220387,"large"
"Schistes_geoffroyi","birds","resident",178,539968.511152567,"small"
"Schistochlamys_melanopis","birds","resident",2149,6470352.34574722,"large"
"Sciaphylax_castanea","birds","resident",69,212047.028426409,"supersmall"
"Sciaphylax_hemimelaena","birds","resident",826,2505696.49313565,"medium"
"Sclateria_naevia","birds","resident",2022,6185739.64030978,"large"
"Sclerurus_albigularis","birds","resident",211,637166.883370701,"small"
"Sclerurus_caudacutus","birds","resident",1799,5507267.8547702,"large"
"Sclerurus_mexicanus","birds","resident",2088,6367197.3167945,"large"
"Sclerurus_rufigularis","birds","resident",1744,5344103.89720558,"large"
"Scytalopus_atratus","birds","resident",64,196027.828347539,"supersmall"
"Selenidera_gouldii","birds","resident",676,2056288.25034324,"medium"
"Selenidera_langsdorffii","birds","resident",456,1389374.39465382,"medium"
"Selenidera_nattereri","birds","resident",284,872988.578296469,"small"
"Selenidera_piperivora","birds","resident",353,1084162.93650573,"small"
"Selenidera_reinwardtii","birds","resident",163,501094.148667939,"small"
"Serpophaga_cinerea","birds","resident",175,532556.401491505,"small"
"Serpophaga_hypoleuca","birds","resident",185,566151.008140408,"small"
"Silvicultrix_frontalis","birds","resident",69,209417.305739943,"supersmall"
"Sirystes_albocinereus","birds","resident",620,1883629.72324864,"medium"
"Sirystes_sibilator","birds","resident",1415,4187897.72191818,"large"
"Sirystes_subcanescens","birds","resident",245,753063.16833699,"small"
"Sittasomus_griseicapillus","birds","resident",3653,10911990.1121623,"superlarge"
"Spatula_puna","birds","resident",231,677122.305368801,"small"
"Sphenopsis_frontalis","birds","resident",59,180330.839999457,"supersmall"
"Sphenopsis_melanotis","birds","resident",54,163043.382132567,"supersmall"
"Spinus_olivaceus","birds","resident",53,159830.994702988,"supersmall"
"Spizaetus_isidori","birds","resident",158,475288.41714092,"small"
"Spizaetus_melanoleucus","birds","resident",2900,8707365.15503015,"superlarge"
"Spizaetus_ornatus","birds","resident",3526,10583038.5233025,"superlarge"
"Spizaetus_tyrannus","birds","resident",2759,8334109.73130585,"superlarge"
"Spodiornis_rusticus","birds","resident",141,424975.301834063,"supersmall"
"Sporathraupis_cyanocephala","birds","resident",133,404445.445468035,"supersmall"
"Sporophila_americana","birds","resident",485,1486952.20539596,"medium"
"Sporophila_angolensis","birds","resident",3959,11913860.0693797,"superlarge"
"Sporophila_atrirostris","birds","resident",64,195425.03445402,"supersmall"
"Sporophila_castaneiventris","birds","resident",1137,3478256.54402586,"large"
"Sporophila_crassirostris","birds","resident",831,2548204.12686304,"medium"
"Sporophila_fringilloides","birds","resident",101,310636.205499403,"supersmall"
"Sporophila_luctuosa","birds","resident",168,509886.2621028,"small"
"Sporophila_murallae","birds","resident",312,957680.242972826,"small"
"Sporophila_nigrorufa","birds","resident",51,150757.617522652,"supersmall"
"Sporophila_schistacea","birds","resident",495,1500913.2389583,"medium"
"Steatornis_caripensis","birds","resident",331,1011486.57313379,"small"
"Stelgidopteryx_ruficollis","birds","resident",4179,12619434.3461569,"superlarge"
"Sternula_superciliaris","birds","resident",3814,11397220.9000764,"superlarge"
"Stigmatura_napensis","birds","resident",109,334447.605760349,"supersmall"
"Streptoprocne_phelpsi","birds","resident",82,251759.724048371,"supersmall"
"Streptoprocne_zonaris","birds","resident",2790,8290284.97609053,"superlarge"
"Sublegatus_obscurior","birds","resident",1760,5392382.92057862,"large"
"Synallaxis_albigularis","birds","resident",369,1128696.13325588,"small"
"Synallaxis_azarae","birds","resident",154,461604.020676409,"small"
"Synallaxis_cabanisi","birds","resident",65,194933.575037004,"supersmall"
"Synallaxis_cherriei","birds","resident",257,781294.160152292,"small"
"Synallaxis_gujanensis","birds","resident",1474,4489475.30509116,"large"
"Synallaxis_moesta","birds","resident",54,165964.909666488,"supersmall"
"Synallaxis_rutilans","birds","resident",1919,5866167.92852887,"large"
"Synallaxis_unirufa","birds","resident",66,201524.64561478,"supersmall"
"Syndactyla_subalaris","birds","resident",75,229243.897212632,"supersmall"
"Syndactyla_ucayalae","birds","resident",209,632477.173824813,"small"
"Tachornis_squamata","birds","resident",3122,9493308.66481455,"superlarge"
"Tachycineta_albiventer","birds","resident",3594,10896216.0776331,"superlarge"
"Tachyphonus_phoenicius","birds","resident",729,2226455.83783007,"medium"
"Taeniotriccus_andrei","birds","resident",275,842921.74081494,"small"
"Talaphorus_chlorocercus","birds","resident",77,236316.127553623,"supersmall"
"Tangara_aurulenta","birds","resident",120,365077.065498241,"supersmall"
"Tangara_callophrys","birds","resident",480,1466836.73260971,"medium"
"Tangara_chilensis","birds","resident",1500,4576688.31596455,"large"
"Tangara_cyanicollis","birds","resident",408,1234798.28638609,"medium"
"Tangara_episcopus","birds","resident",2599,7935156.30735065,"superlarge"
"Tangara_gyrola","birds","resident",1362,4156745.40108619,"large"
"Tangara_mexicana","birds","resident",2310,7045031.56212195,"large"
"Tangara_nigrocincta","birds","resident",1119,3409751.01746922,"large"
"Tangara_nigroviridis","birds","resident",104,315693.501970574,"supersmall"
"Tangara_palmarum","birds","resident",4041,12191684.8171129,"superlarge"
"Tangara_parzudakii","birds","resident",64,195430.051045975,"supersmall"
"Tangara_punctata","birds","resident",834,2558592.07934658,"medium"
"Tangara_schrankii","birds","resident",895,2734986.43473304,"medium"
"Tangara_varia","birds","resident",478,1464803.12330952,"medium"
"Tangara_velia","birds","resident",1613,4937972.516604,"large"
"Tangara_xanthocephala","birds","resident",113,342752.18350704,"supersmall"
"Tangara_xanthogastra","birds","resident",914,2795524.40095818,"medium"
"Tapera_naevia","birds","resident",4139,12350060.6758018,"superlarge"
"Taraba_major","birds","resident",4298,12921291.4270491,"superlarge"
"Terenotriccus_erythrurus","birds","resident",2459,7503048.83918907,"large"
"Tersina_viridis","birds","resident",2926,8762576.85812615,"superlarge"
"Thalurania_furcata","birds","resident",3729,11219183.9392162,"superlarge"
"Thamnistes_aequatorialis","birds","resident",61,184691.693674579,"supersmall"
"Thamnomanes_ardesiacus","birds","resident",1098,3368692.80965868,"large"
"Thamnomanes_caesius","birds","resident",1981,6048773.46822312,"large"
"Thamnomanes_saturninus","birds","resident",449,1369985.01739445,"medium"
"Thamnomanes_schistogynus","birds","resident",406,1232107.10669491,"medium"
"Thamnophilus_aethiops","birds","resident",1624,4952719.45768388,"large"
"Thamnophilus_amazonicus","birds","resident",2033,6209974.25588036,"large"
"Thamnophilus_doliatus","birds","resident",3576,10731681.1973216,"superlarge"
"Thamnophilus_murinus","birds","resident",1370,4198327.12004889,"large"
"Thamnophilus_nigrocinereus","birds","resident",423,1298384.75912919,"medium"
"Thamnophilus_palliatus","birds","resident",843,2540616.48776268,"medium"
"Thamnophilus_punctatus","birds","resident",507,1555620.19187712,"medium"
"Thamnophilus_schistaceus","birds","resident",1311,3988867.82609737,"large"
"Thamnophilus_stictocephalus","birds","resident",353,1074802.99995128,"small"
"Thamnophilus_sticturus","birds","resident",146,429036.921833844,"supersmall"
"Thlypopsis_ornata","birds","resident",59,180030.284947696,"supersmall"
"Thlypopsis_ruficeps","birds","resident",72,210425.716861216,"supersmall"
"Thlypopsis_sordida","birds","resident",2291,6820813.70869612,"large"
"Thlypopsis_superciliaris","birds","resident",84,255697.622597358,"supersmall"
"Threnetes_leucurus","birds","resident",1801,5508553.15652011,"large"
"Threnetes_niger","birds","resident",101,310527.003212188,"supersmall"
"Thripadectes_holostictus","birds","resident",61,184080.600124964,"supersmall"
"Thripophaga_fusciceps","birds","resident",163,493883.988432895,"small"
"Thripophaga_gutturata","birds","resident",1369,4180949.81603308,"large"
"Tigrisoma_lineatum","birds","resident",4423,13213459.9315597,"superlarge"
"Tinamus_guttatus","birds","resident",1293,3949896.96579892,"large"
"Tinamus_major","birds","resident",2673,8137344.27257328,"superlarge"
"Tinamus_tao","birds","resident",1255,3804009.00651668,"large"
"Tityra_cayana","birds","resident",1666,5103181.99625218,"large"
"Tityra_inquisitor","birds","resident",3731,11195051.1909369,"superlarge"
"Tityra_semifasciata","birds","resident",2267,6830099.12255644,"large"
"Todirostrum_chrysocrotaphum","birds","resident",1384,4221928.5978443,"large"
"Todirostrum_maculatum","birds","resident",1438,4402386.17419608,"large"
"Todirostrum_pictum","birds","resident",555,1704447.56908423,"medium"
"Tolmomyias_assimilis","birds","resident",1919,5866241.85211278,"large"
"Tolmomyias_flaviventris","birds","resident",2587,7849527.82810451,"superlarge"
"Tolmomyias_poliocephalus","birds","resident",2000,6117102.24164216,"large"
"Tolmomyias_sulphurescens","birds","resident",4152,12450144.4900256,"superlarge"
"Tolmomyias_traylori","birds","resident",90,276439.475999728,"supersmall"
"Tolmomyias_viridiceps","birds","resident",776,2372370.09861794,"medium"
"Topaza_pella","birds","resident",554,1701342.88061617,"medium"
"Topaza_pyra","birds","resident",662,2029811.34138581,"medium"
"Touit_huetii","birds","resident",1261,3851993.70122419,"large"
"Touit_purpuratus","birds","resident",1251,3841292.15706683,"large"
"Troglodytes_solstitialis","birds","resident",178,536725.835542714,"small"
"Trogon_collaris","birds","resident",2228,6782249.11063992,"large"
"Trogon_curucui","birds","resident",2443,7369696.27232042,"large"
"Trogon_melanurus","birds","resident",2218,6777180.64826356,"large"
"Trogon_personatus","birds","resident",239,725727.669027078,"small"
"Trogon_rufus","birds","resident",2402,7254488.51496542,"large"
"Trogon_violaceus","birds","resident",2400,7315740.25547652,"large"
"Trogon_viridis","birds","resident",2598,7911598.21687402,"superlarge"
"Tunchiornis_luteifrons","birds","resident",367,1127161.13388531,"small"
"Tunchiornis_ochraceiceps","birds","resident",1203,3665076.92147056,"large"
"Tunchiornis_rubrifrons","birds","resident",428,1307802.47340142,"medium"
"Turdus_albicollis","birds","resident",2842,8535372.79891339,"superlarge"
"Turdus_arthuri","birds","resident",204,625199.037535227,"small"
"Turdus_chiguanco","birds","resident",157,468960.693004526,"small"
"Turdus_debilis","birds","resident",577,1757787.30556763,"medium"
"Turdus_fumigatus","birds","resident",1340,4084202.83994278,"large"
"Turdus_fuscater","birds","resident",132,401253.759866986,"supersmall"
"Turdus_hauxwelli","birds","resident",1067,3244990.19429319,"large"
"Turdus_lawrencii","birds","resident",1004,3067710.88064718,"large"
"Turdus_leucops","birds","resident",153,465457.756732058,"small"
"Turdus_nigriceps","birds","resident",119,339708.923718382,"supersmall"
"Turdus_sanchezorum","birds","resident",114,349159.88932074,"supersmall"
"Turdus_serranus","birds","resident",126,379840.952851423,"supersmall"
"Tyranneutes_stolzmanni","birds","resident",1733,5291873.1037565,"large"
"Tyranneutes_virescens","birds","resident",386,1185599.54880059,"small"
"Tyrannopsis_sulphurea","birds","resident",2135,6529672.29192642,"large"
"Tyrannulus_elatus","birds","resident",2094,6406583.50508497,"large"
"Tyrannus_albogularis","birds","resident",1407,4237558.36268368,"large"
"Tyrannus_melancholicus","birds","resident",4929,14749938.3121486,"superlarge"
"Uropsalis_lyra","birds","resident",75,225410.830189465,"supersmall"
"Uropsalis_segmentata","birds","resident",70,212358.809574271,"supersmall"
"Vanellus_resplendens","birds","resident",250,732984.892014846,"small"
"Veniliornis_affinis","birds","resident",1768,5387309.99616815,"large"
"Veniliornis_cassini","birds","resident",400,1227227.34120739,"small"
"Veniliornis_nigriceps","birds","resident",61,185185.135401981,"supersmall"
"Veniliornis_passerinus","birds","resident",3678,11109025.9280594,"superlarge"
"Vireo_chivi","birds","resident",3806,11452400.2440522,"superlarge"
"Vireo_leucophrys","birds","resident",184,554853.522204776,"small"
"Vireolanius_leucotis","birds","resident",1377,4208484.04614158,"large"
"Volatinia_jacarina","birds","resident",5129,15278986.4945161,"superlarge"
"Willisornis_nigrigula","birds","resident",194,593151.58105715,"small"
"Willisornis_poecilinotus","birds","resident",1702,5200637.00434163,"large"
"Xenopipo_atronitens","birds","resident",647,1981941.35587396,"medium"
"Xenops_genibarbis","birds","resident",2879,8776903.53661891,"superlarge"
"Xenops_rutilus","birds","resident",2327,6908746.38708835,"large"
"Xenops_tenuirostris","birds","resident",1165,3557013.79260523,"large"
"Xiphocolaptes_promeropirhynchus","birds","resident",1586,4831925.43301114,"large"
"Xipholena_lamellipennis","birds","resident",354,1083977.24721639,"small"
"Xipholena_punicea","birds","resident",1186,3624127.58581104,"large"
"Xiphorhynchus_beauperthuysii","birds","resident",346,1063965.14946187,"small"
"Xiphorhynchus_chunchotambo","birds","resident",330,998641.695271601,"small"
"Xiphorhynchus_elegans","birds","resident",967,2947570.07936121,"medium"
"Xiphorhynchus_guttatoides","birds","resident",2086,6332975.66338796,"large"
"Xiphorhynchus_guttatus","birds","resident",651,1985486.46653338,"medium"
"Xiphorhynchus_obsoletus","birds","resident",2184,6670705.41728681,"large"
"Xiphorhynchus_ocellatus","birds","resident",408,1247700.43659157,"medium"
"Xiphorhynchus_pardalotus","birds","resident",560,1719647.69688885,"medium"
"Xiphorhynchus_spixii","birds","resident",327,1000725.82171661,"small"
"Xiphorhynchus_triangularis","birds","resident",89,270881.49194459,"supersmall"
"Zebrilus_undulatus","birds","resident",2273,6939031.22486454,"large"
"Zentrygon_frenata","birds","resident",150,453490.884316113,"supersmall"
"Zimmerius_acer","birds","resident",852,2613220.5970069,"medium"
"Zimmerius_chrysops","birds","resident",116,355367.29512436,"supersmall"
"Zimmerius_gracilipes","birds","resident",1267,3866359.0787022,"large"
"Anhinga_anhinga","birds","breeding",5028,14909623.2760157,"superlarge"
"Attila_phoenicurus","birds","breeding",1368,4058840.49536152,"large"
"Calidris_himantopus","birds","breeding",5773,16427736.6259564,"superlarge"
"Chaetura_chapmani","birds","breeding",653,1991696.16951895,"medium"
"Chaetura_pelagica","birds","breeding",4007,10415702.9956373,"superlarge"
"Coccycua_cinerea","birds","breeding",1831,5256899.56706637,"large"
"Contopus_virens","birds","breeding",3406,9202271.6202138,"superlarge"
"Cyanerpes_cyaneus","birds","breeding",2760,8390570.86214062,"superlarge"
"Elaenia_albiceps","birds","breeding",4551,12963538.1433858,"superlarge"
"Elanoides_forficatus","birds","breeding",4433,13302777.5271993,"superlarge"
"Harpagus_diodon","birds","breeding",2517,7531919.71649571,"superlarge"
"Hydropsalis_maculicaudus","birds","breeding",1116,3322406.67890381,"large"
"Ictinia_plumbea","birds","breeding",4239,12728282.5063641,"superlarge"
"Lathrotriccus_euleri","birds","breeding",3469,10304277.7271293,"superlarge"
"Legatus_leucophaius","birds","breeding",3789,11404115.4106841,"superlarge"
"Megaceryle_torquata","birds","breeding",5639,16274261.4021503,"superlarge"
"Muscisaxicola_albilora","birds","breeding",444,1232865.70693358,"medium"
"Mycteria_americana","birds","breeding",5011,14837356.1746431,"superlarge"
"Myiarchus_swainsoni","birds","breeding",4627,13669104.1752672,"superlarge"
"Myiarchus_tuberculifer","birds","breeding",3522,10626636.3413123,"superlarge"
"Myiodynastes_luteiventris","birds","breeding",896,2658304.55111691,"medium"
"Myiodynastes_maculatus","birds","breeding",1511,4617546.95778862,"large"
"Myiodynastes_solitarius","birds","breeding",4445,13166782.1713261,"superlarge"
"Nannopterum_brasilianum","birds","breeding",6366,18278338.6808352,"superlarge"
"Oporornis_agilis","birds","breeding",1903,5147085.51636448,"large"
"Porphyrio_martinicus","birds","breeding",5544,16416177.3996674,"superlarge"
"Progne_chalybea","birds","breeding",5287,15647108.6696904,"superlarge"
"Progne_elegans","birds","breeding",1439,4124231.57369066,"large"
"Rostrhamus_sociabilis","birds","breeding",3938,11595230.574531,"superlarge"
"Rynchops_niger","birds","breeding",4746,14032139.4806681,"superlarge"
"Sporophila_caerulescens","birds","breeding",2794,8013182.12379943,"superlarge"
"Sporophila_lineola","birds","breeding",4003,12041132.5090895,"superlarge"
"Stelgidopteryx_ruficollis","birds","breeding",4621,13815903.1815561,"superlarge"
"Tachycineta_albiventer","birds","breeding",3886,11716916.3215029,"superlarge"
"Tyrannus_melancholicus","birds","breeding",5618,16537408.5755276,"superlarge"
"Tyrannus_savana","birds","breeding",4618,13565270.9648582,"superlarge"
"Vireo_altiloquus","birds","breeding",1576,4816611.57799015,"large"
"Vireo_chivi","birds","breeding",986,2790986.38550059,"medium"
"Vireo_flavoviridis","birds","breeding",987,2960372.98004372,"medium"
"Actitis_macularius","birds","non_breeding",6594,19313752.9217212,"superlarge"
"Attila_phoenicurus","birds","non_breeding",1165,3496405.32558015,"large"
"Buteo_platypterus","birds","non_breeding",2092,6374712.28470404,"large"
"Calidris_himantopus","birds","non_breeding",5446,16040358.9206003,"superlarge"
"Cardellina_canadensis","birds","non_breeding",408,1245488.31777338,"medium"
"Casiornis_rufus","birds","non_breeding",913,2768750.05766399,"medium"
"Catharus_fuscescens","birds","non_breeding",501,1508613.37498757,"medium"
"Catharus_minimus","birds","non_breeding",1517,4640926.62474902,"large"
"Catharus_swainsoni","birds","non_breeding",706,2128985.66904766,"medium"
"Chaetura_pelagica","birds","non_breeding",1507,4603280.84657467,"large"
"Chordeiles_minor","birds","non_breeding",4647,13836713.1695122,"superlarge"
"Circus_buffoni","birds","non_breeding",668,2020454.91785972,"medium"
"Coccycua_cinerea","birds","non_breeding",999,2994187.33954176,"medium"
"Coccyzus_americanus","birds","non_breeding",4711,14024074.7696569,"superlarge"
"Coccyzus_erythropthalmus","birds","non_breeding",758,2305309.8220321,"medium"
"Columbina_picui","birds","non_breeding",224,681377.04439762,"small"
"Conothraupis_speculigera","birds","non_breeding",153,465302.488678002,"small"
"Contopus_cooperi","birds","non_breeding",2771,8436807.41918619,"superlarge"
"Contopus_sordidulus","birds","non_breeding",1098,3352437.78571734,"large"
"Contopus_virens","birds","non_breeding",1678,5131901.58499489,"large"
"Coryphospingus_cucullatus","birds","non_breeding",288,859619.246917697,"small"
"Elaenia_albiceps","birds","non_breeding",3680,10737538.1078483,"superlarge"
"Elaenia_parvirostris","birds","non_breeding",2701,8204578.26505247,"superlarge"
"Elaenia_spectabilis","birds","non_breeding",1851,5641496.09875454,"large"
"Elaenia_strepera","birds","non_breeding",765,2334873.04664443,"medium"
"Empidonax_alnorum","birds","non_breeding",1116,3367284.27720035,"large"
"Empidonomus_varius","birds","non_breeding",841,2572039.65250743,"medium"
"Fluvicola_albiventer","birds","non_breeding",822,2493161.12383234,"medium"
"Griseotyrannus_aurantioatrocristatus","birds","non_breeding",1318,4027857.94681246,"large"
"Harpagus_diodon","birds","non_breeding",1694,5170899.69577581,"large"
"Hirundo_rustica","birds","non_breeding",6405,18461508.155064,"superlarge"
"Hymenops_perspicillatus","birds","non_breeding",387,1117935.39781545,"small"
"Inezia_inornata","birds","non_breeding",318,963293.385396702,"small"
"Muscisaxicola_albilora","birds","non_breeding",298,877995.321851016,"small"
"Muscisaxicola_flavinucha","birds","non_breeding",238,686636.546722134,"small"
"Myiarchus_swainsoni","birds","non_breeding",837,2559692.25887925,"medium"
"Myiodynastes_luteiventris","birds","non_breeding",459,1398765.72112586,"medium"
"Myiodynastes_solitarius","birds","non_breeding",1207,3704082.75081966,"large"
"Myiopagis_viridicata","birds","non_breeding",229,691321.668758632,"small"
"Oporornis_agilis","birds","non_breeding",1304,3977527.83892495,"large"
"Pheucticus_aureoventris","birds","non_breeding",380,1115765.03231635,"small"
"Piranga_olivacea","birds","non_breeding",726,2213074.44181358,"medium"
"Progne_elegans","birds","non_breeding",940,2865131.41384945,"medium"
"Progne_tapera","birds","non_breeding",2065,6313216.86244146,"large"
"Pseudocolopteryx_acutipennis","birds","non_breeding",375,1075090.58689625,"small"
"Pyrocephalus_rubinus","birds","non_breeding",2577,7569325.72814239,"superlarge"
"Satrapa_icterophrys","birds","non_breeding",477,1448223.85776904,"medium"
"Setophaga_cerulea","birds","non_breeding",348,1059872.64089634,"small"
"Setophaga_striata","birds","non_breeding",1360,4167108.26928998,"large"
"Sporophila_bouvronides","birds","non_breeding",1333,4086892.26929452,"large"
"Sporophila_caerulescens","birds","non_breeding",979,2972520.33843141,"medium"
"Sporophila_lineola","birds","non_breeding",3064,9295729.34481619,"superlarge"
"Sporophila_luctuosa","birds","non_breeding",193,589136.952837946,"small"
"Sublegatus_modestus","birds","non_breeding",246,744148.298662173,"small"
"Suiriri_suiriri","birds","non_breeding",97,286968.190315061,"supersmall"
"Tachycineta_leucorrhoa","birds","non_breeding",447,1352078.65328915,"medium"
"Tangara_sayaca","birds","non_breeding",57,171193.255904101,"supersmall"
"Tringa_solitaria","birds","non_breeding",5455,16187371.9571678,"superlarge"
"Turdus_amaurochalinus","birds","non_breeding",1488,4481098.26093596,"large"
"Turdus_nigriceps","birds","non_breeding",109,329590.694430728,"supersmall"
"Tyrannus_albogularis","birds","non_breeding",812,2484206.59916744,"medium"
"Tyrannus_savana","birds","non_breeding",1763,5396315.76860489,"large"
"Tyrannus_tyrannus","birds","non_breeding",1535,4572456.26422946,"large"
"Vireo_altiloquus","birds","non_breeding",1505,4611680.043092,"large"
"Vireo_flavoviridis","birds","non_breeding",643,1956224.23094969,"medium"
"Vireo_olivaceus","birds","non_breeding",3763,11320305.4146103,"superlarge"
